file,datetime,uploaddir,sampratedir
20hz_Sensors_1Sec0.dat,2022-07-21 13:49:22,20220826,20hz
20hz_Sensors_20Hz0.dat,2022-07-21 13:49:22,20220826,20hz
20hz_Sensors_20Hz1.dat,2022-07-21 16:00:00,20220826,20hz
100hz_Baro_Sensors1.dat,2022-07-21 16:00:00,20220826,Baro
20hz_Sensors_1Sec1.dat,2022-07-21 16:00:00,20220826,20hz
100hz_Baro_Sensors2.dat,2022-07-21 20:00:00,20220826,Baro
20hz_Sensors_20Hz2.dat,2022-07-21 20:00:00,20220826,20hz
20hz_Sensors_1Sec2.dat,2022-07-21 20:00:00,20220826,20hz
100hz_Baro_Sensors3.dat,2022-07-22 00:00:00,20220826,Baro
20hz_Sensors_20Hz3.dat,2022-07-22 00:00:00,20220826,20hz
20hz_Sensors_1Sec3.dat,2022-07-22 00:00:00,20220826,20hz
20hz_Sensors_1Sec4.dat,2022-07-22 04:00:00,20220826,20hz
20hz_Sensors_20Hz4.dat,2022-07-22 04:00:00,20220826,20hz
100hz_Baro_Sensors4.dat,2022-07-22 04:00:00,20220826,Baro
20hz_Sensors_1Sec5.dat,2022-07-22 08:00:00,20220826,20hz
20hz_Sensors_20Hz5.dat,2022-07-22 08:00:00,20220826,20hz
100hz_Baro_Sensors5.dat,2022-07-22 08:00:00,20220826,Baro
20hz_Sensors_20Hz6.dat,2022-07-22 12:00:00,20220826,20hz
100hz_Baro_Sensors6.dat,2022-07-22 12:00:00,20220826,Baro
20hz_Sensors_1Sec6.dat,2022-07-22 12:00:00,20220826,20hz
20hz_Sensors_1Sec7.dat,2022-07-22 16:00:00,20220826,20hz
20hz_Sensors_20Hz7.dat,2022-07-22 16:00:00,20220826,20hz
100hz_Baro_Sensors7.dat,2022-07-22 16:00:00,20220826,Baro
100hz_Baro_Sensors8.dat,2022-07-22 20:00:00,20220826,Baro
20hz_Sensors_1Sec8.dat,2022-07-22 20:00:00,20220826,20hz
20hz_Sensors_20Hz8.dat,2022-07-22 20:00:00,20220826,20hz
20hz_Sensors_1Sec9.dat,2022-07-23 00:00:00,20220826,20hz
20hz_Sensors_20Hz9.dat,2022-07-23 00:00:00,20220826,20hz
100hz_Baro_Sensors9.dat,2022-07-23 00:00:00,20220826,Baro
100hz_Baro_Sensors10.dat,2022-07-23 04:00:00,20220826,Baro
20hz_Sensors_1Sec10.dat,2022-07-23 04:00:00,20220826,20hz
20hz_Sensors_20Hz10.dat,2022-07-23 04:00:00,20220826,20hz
20hz_Sensors_20Hz11.dat,2022-07-23 08:00:00,20220826,20hz
100hz_Baro_Sensors11.dat,2022-07-23 08:00:00,20220826,Baro
20hz_Sensors_1Sec11.dat,2022-07-23 08:00:00,20220826,20hz
100hz_Baro_Sensors12.dat,2022-07-23 12:00:00,20220826,Baro
20hz_Sensors_1Sec12.dat,2022-07-23 12:00:00,20220826,20hz
20hz_Sensors_20Hz12.dat,2022-07-23 12:00:00,20220826,20hz
20hz_Sensors_20Hz13.dat,2022-07-23 16:00:00,20220826,20hz
100hz_Baro_Sensors13.dat,2022-07-23 16:00:00,20220826,Baro
20hz_Sensors_1Sec13.dat,2022-07-23 16:00:00,20220826,20hz
20hz_Sensors_20Hz14.dat,2022-07-23 20:00:00,20220826,20hz
100hz_Baro_Sensors14.dat,2022-07-23 20:00:00,20220826,Baro
20hz_Sensors_1Sec14.dat,2022-07-23 20:00:00,20220826,20hz
20hz_Sensors_20Hz15.dat,2022-07-24 00:00:00,20220826,20hz
100hz_Baro_Sensors15.dat,2022-07-24 00:00:00,20220826,Baro
20hz_Sensors_1Sec15.dat,2022-07-24 00:00:00,20220826,20hz
20hz_Sensors_1Sec16.dat,2022-07-24 04:00:00,20220826,20hz
20hz_Sensors_20Hz16.dat,2022-07-24 04:00:00,20220826,20hz
100hz_Baro_Sensors16.dat,2022-07-24 04:00:00,20220826,Baro
100hz_Baro_Sensors17.dat,2022-07-24 08:00:00,20220826,Baro
20hz_Sensors_20Hz17.dat,2022-07-24 08:00:00,20220826,20hz
20hz_Sensors_1Sec17.dat,2022-07-24 08:00:00,20220826,20hz
20hz_Sensors_20Hz18.dat,2022-07-24 12:00:00,20220826,20hz
100hz_Baro_Sensors18.dat,2022-07-24 12:00:00,20220826,Baro
20hz_Sensors_1Sec18.dat,2022-07-24 12:00:00,20220826,20hz
20hz_Sensors_1Sec19.dat,2022-07-24 16:00:00,20220826,20hz
20hz_Sensors_20Hz19.dat,2022-07-24 16:00:00,20220826,20hz
100hz_Baro_Sensors19.dat,2022-07-24 16:00:00,20220826,Baro
20hz_Sensors_20Hz20.dat,2022-07-24 20:00:00,20220826,20hz
20hz_Sensors_1Sec20.dat,2022-07-24 20:00:00,20220826,20hz
100hz_Baro_Sensors20.dat,2022-07-24 20:00:00,20220826,Baro
20hz_Sensors_20Hz21.dat,2022-07-25 00:00:00,20220826,20hz
100hz_Baro_Sensors21.dat,2022-07-25 00:00:00,20220826,Baro
20hz_Sensors_1Sec21.dat,2022-07-25 00:00:00,20220826,20hz
20hz_Sensors_20Hz22.dat,2022-07-25 04:00:00,20220826,20hz
100hz_Baro_Sensors22.dat,2022-07-25 04:00:00,20220826,Baro
20hz_Sensors_1Sec22.dat,2022-07-25 04:00:00,20220826,20hz
100hz_Baro_Sensors23.dat,2022-07-25 08:00:00,20220826,Baro
20hz_Sensors_1Sec23.dat,2022-07-25 08:00:00,20220826,20hz
20hz_Sensors_20Hz23.dat,2022-07-25 08:00:00,20220826,20hz
20hz_Sensors_1Sec24.dat,2022-07-25 12:00:00,20220826,20hz
20hz_Sensors_20Hz24.dat,2022-07-25 12:00:00,20220826,20hz
100hz_Baro_Sensors24.dat,2022-07-25 12:00:00,20220826,Baro
20hz_Sensors_1Sec25.dat,2022-07-25 16:00:00,20220826,20hz
20hz_Sensors_20Hz25.dat,2022-07-25 16:00:00,20220826,20hz
100hz_Baro_Sensors25.dat,2022-07-25 16:00:00,20220826,Baro
100hz_Baro_Sensors26.dat,2022-07-25 20:00:00,20220826,Baro
20hz_Sensors_1Sec26.dat,2022-07-25 20:00:00,20220826,20hz
20hz_Sensors_20Hz26.dat,2022-07-25 20:00:00,20220826,20hz
20hz_Sensors_1Sec27.dat,2022-07-26 00:00:00,20220826,20hz
100hz_Baro_Sensors27.dat,2022-07-26 00:00:00,20220826,Baro
20hz_Sensors_20Hz27.dat,2022-07-26 00:00:00,20220826,20hz
20hz_Sensors_1Sec28.dat,2022-07-26 04:00:00,20220826,20hz
20hz_Sensors_20Hz28.dat,2022-07-26 04:00:00,20220826,20hz
100hz_Baro_Sensors28.dat,2022-07-26 04:00:00,20220826,Baro
20hz_Sensors_1Sec29.dat,2022-07-26 08:00:00,20220826,20hz
100hz_Baro_Sensors29.dat,2022-07-26 08:00:00,20220826,Baro
20hz_Sensors_20Hz29.dat,2022-07-26 08:00:00,20220826,20hz
20hz_Sensors_1Sec30.dat,2022-07-26 12:00:00,20220826,20hz
20hz_Sensors_20Hz30.dat,2022-07-26 12:00:00,20220826,20hz
100hz_Baro_Sensors30.dat,2022-07-26 12:00:00,20220826,Baro
20hz_Sensors_20Hz31.dat,2022-07-26 16:00:00,20220826,20hz
20hz_Sensors_1Sec31.dat,2022-07-26 16:00:00,20220826,20hz
100hz_Baro_Sensors31.dat,2022-07-26 16:00:00,20220826,Baro
20hz_Sensors_20Hz32.dat,2022-07-26 20:00:00,20220826,20hz
20hz_Sensors_1Sec32.dat,2022-07-26 20:00:00,20220826,20hz
100hz_Baro_Sensors32.dat,2022-07-26 20:00:00,20220826,Baro
20hz_Sensors_1Sec33.dat,2022-07-27 00:00:00,20220826,20hz
100hz_Baro_Sensors33.dat,2022-07-27 00:00:00,20220826,Baro
20hz_Sensors_20Hz33.dat,2022-07-27 00:00:00,20220826,20hz
20hz_Sensors_20Hz34.dat,2022-07-27 04:00:00,20220826,20hz
100hz_Baro_Sensors34.dat,2022-07-27 04:00:00,20220826,Baro
20hz_Sensors_1Sec34.dat,2022-07-27 04:00:00,20220826,20hz
20hz_Sensors_20Hz35.dat,2022-07-27 08:00:00,20220826,20hz
20hz_Sensors_1Sec35.dat,2022-07-27 08:00:00,20220826,20hz
100hz_Baro_Sensors35.dat,2022-07-27 08:00:00,20220826,Baro
20hz_Sensors_1Sec36.dat,2022-07-27 12:00:00,20220826,20hz
100hz_Baro_Sensors36.dat,2022-07-27 12:00:00,20220826,Baro
20hz_Sensors_20Hz36.dat,2022-07-27 12:00:00,20220826,20hz
100hz_Baro_Sensors37.dat,2022-07-27 16:00:00,20220826,Baro
20hz_Sensors_1Sec37.dat,2022-07-27 16:00:00,20220826,20hz
20hz_Sensors_20Hz37.dat,2022-07-27 16:00:00,20220826,20hz
100hz_Baro_Sensors38.dat,2022-07-27 20:00:00,20220826,Baro
20hz_Sensors_20Hz38.dat,2022-07-27 20:00:00,20220826,20hz
20hz_Sensors_1Sec38.dat,2022-07-27 20:00:00,20220826,20hz
20hz_Sensors_20Hz39.dat,2022-07-28 00:00:00,20220826,20hz
100hz_Baro_Sensors39.dat,2022-07-28 00:00:00,20220826,Baro
20hz_Sensors_1Sec39.dat,2022-07-28 00:00:00,20220826,20hz
20hz_Sensors_20Hz40.dat,2022-07-28 04:00:00,20220826,20hz
100hz_Baro_Sensors40.dat,2022-07-28 04:00:00,20220826,Baro
20hz_Sensors_1Sec40.dat,2022-07-28 04:00:00,20220826,20hz
100hz_Baro_Sensors41.dat,2022-07-28 08:00:00,20220826,Baro
20hz_Sensors_20Hz41.dat,2022-07-28 08:00:00,20220826,20hz
20hz_Sensors_1Sec41.dat,2022-07-28 08:00:00,20220826,20hz
20hz_Sensors_20Hz42.dat,2022-07-28 12:00:00,20220826,20hz
20hz_Sensors_1Sec42.dat,2022-07-28 12:00:00,20220826,20hz
100hz_Baro_Sensors42.dat,2022-07-28 12:00:00,20220826,Baro
100hz_Baro_Sensors43.dat,2022-07-28 16:00:00,20220826,Baro
20hz_Sensors_20Hz43.dat,2022-07-28 16:00:00,20220826,20hz
20hz_Sensors_1Sec43.dat,2022-07-28 16:00:00,20220826,20hz
20hz_Sensors_1Sec44.dat,2022-07-28 20:00:00,20220826,20hz
100hz_Baro_Sensors44.dat,2022-07-28 20:00:00,20220826,Baro
20hz_Sensors_20Hz44.dat,2022-07-28 20:00:00,20220826,20hz
20hz_Sensors_1Sec45.dat,2022-07-29 00:00:00,20220826,20hz
20hz_Sensors_20Hz45.dat,2022-07-29 00:00:00,20220826,20hz
100hz_Baro_Sensors45.dat,2022-07-29 00:00:00,20220826,Baro
100hz_Baro_Sensors46.dat,2022-07-29 04:00:00,20220826,Baro
20hz_Sensors_20Hz46.dat,2022-07-29 04:00:00,20220826,20hz
20hz_Sensors_1Sec46.dat,2022-07-29 04:00:00,20220826,20hz
100hz_Baro_Sensors47.dat,2022-07-29 08:00:00,20220826,Baro
20hz_Sensors_1Sec47.dat,2022-07-29 08:00:00,20220826,20hz
20hz_Sensors_20Hz47.dat,2022-07-29 08:00:00,20220826,20hz
100hz_Baro_Sensors48.dat,2022-07-29 12:00:00,20220826,Baro
20hz_Sensors_1Sec48.dat,2022-07-29 12:00:00,20220826,20hz
20hz_Sensors_20Hz48.dat,2022-07-29 12:00:00,20220826,20hz
100hz_Baro_Sensors49.dat,2022-07-29 16:00:00,20220826,Baro
20hz_Sensors_20Hz49.dat,2022-07-29 16:00:00,20220826,20hz
20hz_Sensors_1Sec49.dat,2022-07-29 16:00:00,20220826,20hz
20hz_Sensors_20Hz50.dat,2022-07-29 20:00:00,20220826,20hz
20hz_Sensors_1Sec50.dat,2022-07-29 20:00:00,20220826,20hz
100hz_Baro_Sensors50.dat,2022-07-29 20:00:00,20220826,Baro
20hz_Sensors_1Sec51.dat,2022-07-30 00:00:00,20220826,20hz
100hz_Baro_Sensors51.dat,2022-07-30 00:00:00,20220826,Baro
20hz_Sensors_20Hz51.dat,2022-07-30 00:00:00,20220826,20hz
100hz_Baro_Sensors52.dat,2022-07-30 04:00:00,20220826,Baro
20hz_Sensors_20Hz52.dat,2022-07-30 04:00:00,20220826,20hz
20hz_Sensors_1Sec52.dat,2022-07-30 04:00:00,20220826,20hz
20hz_Sensors_20Hz53.dat,2022-07-30 08:00:00,20220826,20hz
20hz_Sensors_1Sec53.dat,2022-07-30 08:00:00,20220826,20hz
100hz_Baro_Sensors53.dat,2022-07-30 08:00:00,20220826,Baro
100hz_Baro_Sensors54.dat,2022-07-30 12:00:00,20220826,Baro
20hz_Sensors_20Hz54.dat,2022-07-30 12:00:00,20220826,20hz
20hz_Sensors_1Sec54.dat,2022-07-30 12:00:00,20220826,20hz
20hz_Sensors_1Sec55.dat,2022-07-30 16:00:00,20220826,20hz
100hz_Baro_Sensors55.dat,2022-07-30 16:00:00,20220826,Baro
20hz_Sensors_20Hz55.dat,2022-07-30 16:00:00,20220826,20hz
20hz_Sensors_1Sec56.dat,2022-07-30 20:00:00,20220826,20hz
100hz_Baro_Sensors56.dat,2022-07-30 20:00:00,20220826,Baro
20hz_Sensors_20Hz56.dat,2022-07-30 20:00:00,20220826,20hz
20hz_Sensors_20Hz57.dat,2022-07-31 00:00:00,20220826,20hz
20hz_Sensors_1Sec57.dat,2022-07-31 00:00:00,20220826,20hz
100hz_Baro_Sensors57.dat,2022-07-31 00:00:00,20220826,Baro
20hz_Sensors_1Sec58.dat,2022-07-31 04:00:00,20220826,20hz
100hz_Baro_Sensors58.dat,2022-07-31 04:00:00,20220826,Baro
20hz_Sensors_20Hz58.dat,2022-07-31 04:00:00,20220826,20hz
20hz_Sensors_20Hz59.dat,2022-07-31 08:00:00,20220826,20hz
100hz_Baro_Sensors59.dat,2022-07-31 08:00:00,20220826,Baro
20hz_Sensors_1Sec59.dat,2022-07-31 08:00:00,20220826,20hz
100hz_Baro_Sensors60.dat,2022-07-31 12:00:00,20220826,Baro
20hz_Sensors_20Hz60.dat,2022-07-31 12:00:00,20220826,20hz
20hz_Sensors_1Sec60.dat,2022-07-31 12:00:00,20220826,20hz
20hz_Sensors_20Hz61.dat,2022-07-31 16:00:00,20220826,20hz
100hz_Baro_Sensors61.dat,2022-07-31 16:00:00,20220826,Baro
20hz_Sensors_1Sec61.dat,2022-07-31 16:00:00,20220826,20hz
20hz_Sensors_1Sec62.dat,2022-07-31 20:00:00,20220826,20hz
20hz_Sensors_20Hz62.dat,2022-07-31 20:00:00,20220826,20hz
100hz_Baro_Sensors62.dat,2022-07-31 20:00:00,20220826,Baro
20hz_Sensors_1Sec63.dat,2022-08-01 00:00:00,20220826,20hz
100hz_Baro_Sensors63.dat,2022-08-01 00:00:00,20220826,Baro
20hz_Sensors_20Hz63.dat,2022-08-01 00:00:00,20220826,20hz
100hz_Baro_Sensors64.dat,2022-08-01 04:00:00,20220826,Baro
20hz_Sensors_1Sec64.dat,2022-08-01 04:00:00,20220826,20hz
20hz_Sensors_20Hz64.dat,2022-08-01 04:00:00,20220826,20hz
100hz_Baro_Sensors65.dat,2022-08-01 08:00:00,20220826,Baro
20hz_Sensors_20Hz65.dat,2022-08-01 08:00:00,20220826,20hz
20hz_Sensors_1Sec65.dat,2022-08-01 08:00:00,20220826,20hz
20hz_Sensors_20Hz66.dat,2022-08-01 12:00:00,20220826,20hz
20hz_Sensors_1Sec66.dat,2022-08-01 12:00:00,20220826,20hz
100hz_Baro_Sensors66.dat,2022-08-01 12:00:00,20220826,Baro
20hz_Sensors_20Hz67.dat,2022-08-01 16:00:00,20220826,20hz
100hz_Baro_Sensors67.dat,2022-08-01 16:00:00,20220826,Baro
20hz_Sensors_1Sec67.dat,2022-08-01 16:00:00,20220826,20hz
100hz_Baro_Sensors68.dat,2022-08-01 20:00:00,20220826,Baro
20hz_Sensors_20Hz68.dat,2022-08-01 20:00:00,20220826,20hz
20hz_Sensors_1Sec68.dat,2022-08-01 20:00:00,20220826,20hz
20hz_Sensors_20Hz69.dat,2022-08-02 00:00:00,20220826,20hz
20hz_Sensors_1Sec69.dat,2022-08-02 00:00:00,20220826,20hz
100hz_Baro_Sensors69.dat,2022-08-02 00:00:00,20220826,Baro
20hz_Sensors_1Sec70.dat,2022-08-02 04:00:00,20220826,20hz
20hz_Sensors_20Hz70.dat,2022-08-02 04:00:00,20220826,20hz
100hz_Baro_Sensors70.dat,2022-08-02 04:00:00,20220826,Baro
20hz_Sensors_1Sec71.dat,2022-08-02 08:00:00,20220826,20hz
100hz_Baro_Sensors71.dat,2022-08-02 08:00:00,20220826,Baro
20hz_Sensors_20Hz71.dat,2022-08-02 08:00:00,20220826,20hz
100hz_Baro_Sensors72.dat,2022-08-02 12:00:00,20220826,Baro
20hz_Sensors_1Sec72.dat,2022-08-02 12:00:00,20220826,20hz
20hz_Sensors_20Hz72.dat,2022-08-02 12:00:00,20220826,20hz
20hz_Sensors_20Hz73.dat,2022-08-02 16:00:00,20220826,20hz
100hz_Baro_Sensors73.dat,2022-08-02 16:00:00,20220826,Baro
20hz_Sensors_1Sec73.dat,2022-08-02 16:00:00,20220826,20hz
100hz_Baro_Sensors74.dat,2022-08-02 20:00:00,20220826,Baro
20hz_Sensors_20Hz74.dat,2022-08-02 20:00:00,20220826,20hz
20hz_Sensors_1Sec74.dat,2022-08-02 20:00:00,20220826,20hz
100hz_Baro_Sensors75.dat,2022-08-03 00:00:00,20220826,Baro
20hz_Sensors_1Sec75.dat,2022-08-03 00:00:00,20220826,20hz
20hz_Sensors_20Hz75.dat,2022-08-03 00:00:00,20220826,20hz
100hz_Baro_Sensors76.dat,2022-08-03 04:00:00,20220826,Baro
20hz_Sensors_1Sec76.dat,2022-08-03 04:00:00,20220826,20hz
20hz_Sensors_20Hz76.dat,2022-08-03 04:00:00,20220826,20hz
20hz_Sensors_1Sec77.dat,2022-08-03 08:00:00,20220826,20hz
20hz_Sensors_20Hz77.dat,2022-08-03 08:00:00,20220826,20hz
100hz_Baro_Sensors78.dat,2022-08-03 12:00:00,20220826,Baro
20hz_Sensors_20Hz78.dat,2022-08-03 12:00:00,20220826,20hz
20hz_Sensors_1Sec78.dat,2022-08-03 12:00:00,20220826,20hz
20hz_Sensors_20Hz79.dat,2022-08-03 16:00:00,20220826,20hz
20hz_Sensors_1Sec79.dat,2022-08-03 16:00:00,20220826,20hz
100hz_Baro_Sensors79.dat,2022-08-03 16:00:00,20220826,Baro
20hz_Sensors_1Sec80.dat,2022-08-03 20:00:00,20220826,20hz
100hz_Baro_Sensors80.dat,2022-08-03 20:00:00,20220826,Baro
20hz_Sensors_20Hz80.dat,2022-08-03 20:00:00,20220826,20hz
20hz_Sensors_1Sec81.dat,2022-08-04 00:00:00,20220826,20hz
20hz_Sensors_20Hz81.dat,2022-08-04 00:00:00,20220826,20hz
100hz_Baro_Sensors81.dat,2022-08-04 00:00:00,20220826,Baro
100hz_Baro_Sensors82.dat,2022-08-04 04:00:00,20220826,Baro
20hz_Sensors_20Hz82.dat,2022-08-04 04:00:00,20220826,20hz
20hz_Sensors_1Sec82.dat,2022-08-04 04:00:00,20220826,20hz
100hz_Baro_Sensors83.dat,2022-08-04 08:00:00,20220826,Baro
20hz_Sensors_20Hz83.dat,2022-08-04 08:00:00,20220826,20hz
20hz_Sensors_1Sec83.dat,2022-08-04 08:00:00,20220826,20hz
20hz_Sensors_20Hz84.dat,2022-08-04 12:00:00,20220826,20hz
20hz_Sensors_1Sec84.dat,2022-08-04 12:00:00,20220826,20hz
20hz_Sensors_1Sec85.dat,2022-08-04 16:00:00,20220826,20hz
20hz_Sensors_20Hz85.dat,2022-08-04 16:00:00,20220826,20hz
100hz_Baro_Sensors86.dat,2022-08-04 20:00:00,20220826,Baro
20hz_Sensors_20Hz86.dat,2022-08-04 20:00:00,20220826,20hz
20hz_Sensors_1Sec86.dat,2022-08-04 20:00:00,20220826,20hz
20hz_Sensors_1Sec87.dat,2022-08-05 00:00:00,20220826,20hz
20hz_Sensors_20Hz87.dat,2022-08-05 00:00:00,20220826,20hz
100hz_Baro_Sensors87.dat,2022-08-05 00:00:00,20220826,Baro
20hz_Sensors_20Hz88.dat,2022-08-05 04:00:00,20220826,20hz
20hz_Sensors_1Sec88.dat,2022-08-05 04:00:00,20220826,20hz
100hz_Baro_Sensors88.dat,2022-08-05 04:00:00,20220826,Baro
20hz_Sensors_1Sec89.dat,2022-08-05 08:00:00,20220826,20hz
20hz_Sensors_20Hz89.dat,2022-08-05 08:00:00,20220826,20hz
100hz_Baro_Sensors89.dat,2022-08-05 08:00:00,20220826,Baro
100hz_Baro_Sensors90.dat,2022-08-05 12:00:00,20220826,Baro
20hz_Sensors_20Hz90.dat,2022-08-05 12:00:00,20220826,20hz
20hz_Sensors_1Sec90.dat,2022-08-05 12:00:00,20220826,20hz
20hz_Sensors_20Hz91.dat,2022-08-05 16:00:00,20220826,20hz
20hz_Sensors_1Sec91.dat,2022-08-05 16:00:00,20220826,20hz
20hz_Sensors_1Sec92.dat,2022-08-05 20:00:00,20220826,20hz
20hz_Sensors_20Hz92.dat,2022-08-05 20:00:00,20220826,20hz
100hz_Baro_Sensors92.dat,2022-08-05 20:00:00,20220826,Baro
20hz_Sensors_20Hz93.dat,2022-08-06 00:00:00,20220826,20hz
20hz_Sensors_1Sec93.dat,2022-08-06 00:00:00,20220826,20hz
100hz_Baro_Sensors93.dat,2022-08-06 00:00:00,20220826,Baro
20hz_Sensors_20Hz94.dat,2022-08-06 04:00:00,20220826,20hz
20hz_Sensors_1Sec94.dat,2022-08-06 04:00:00,20220826,20hz
20hz_Sensors_1Sec95.dat,2022-08-06 08:00:00,20220826,20hz
20hz_Sensors_20Hz95.dat,2022-08-06 08:00:00,20220826,20hz
20hz_Sensors_1Sec96.dat,2022-08-06 12:00:00,20220826,20hz
20hz_Sensors_20Hz96.dat,2022-08-06 12:00:00,20220826,20hz
20hz_Sensors_1Sec97.dat,2022-08-06 16:00:00,20220826,20hz
20hz_Sensors_20Hz97.dat,2022-08-06 16:00:00,20220826,20hz
20hz_Sensors_1Sec98.dat,2022-08-06 20:00:00,20220826,20hz
20hz_Sensors_20Hz98.dat,2022-08-06 20:00:00,20220826,20hz
20hz_Sensors_20Hz99.dat,2022-08-07 00:00:00,20220826,20hz
20hz_Sensors_1Sec99.dat,2022-08-07 00:00:00,20220826,20hz
20hz_Sensors_1Sec100.dat,2022-08-07 04:00:00,20220826,20hz
20hz_Sensors_20Hz100.dat,2022-08-07 04:00:00,20220826,20hz
100hz_Baro_Sensors100.dat,2022-08-07 04:00:00,20220826,Baro
100hz_Baro_Sensors101.dat,2022-08-07 08:00:00,20220826,Baro
20hz_Sensors_20Hz101.dat,2022-08-07 08:00:00,20220826,20hz
20hz_Sensors_1Sec101.dat,2022-08-07 08:00:00,20220826,20hz
20hz_Sensors_1Sec102.dat,2022-08-07 12:00:00,20220826,20hz
100hz_Baro_Sensors102.dat,2022-08-07 12:00:00,20220826,Baro
20hz_Sensors_20Hz102.dat,2022-08-07 12:00:00,20220826,20hz
100hz_Baro_Sensors103.dat,2022-08-07 16:00:00,20220826,Baro
20hz_Sensors_20Hz103.dat,2022-08-07 16:00:00,20220826,20hz
20hz_Sensors_1Sec103.dat,2022-08-07 16:00:00,20220826,20hz
20hz_Sensors_20Hz104.dat,2022-08-07 20:00:00,20220826,20hz
20hz_Sensors_1Sec104.dat,2022-08-07 20:00:00,20220826,20hz
100hz_Baro_Sensors104.dat,2022-08-07 20:00:00,20220826,Baro
20hz_Sensors_1Sec105.dat,2022-08-08 00:00:00,20220826,20hz
100hz_Baro_Sensors105.dat,2022-08-08 00:00:00,20220826,Baro
20hz_Sensors_20Hz105.dat,2022-08-08 00:00:00,20220826,20hz
20hz_Sensors_20Hz106.dat,2022-08-08 04:00:00,20220826,20hz
20hz_Sensors_1Sec106.dat,2022-08-08 04:00:00,20220826,20hz
100hz_Baro_Sensors106.dat,2022-08-08 04:00:00,20220826,Baro
20hz_Sensors_1Sec107.dat,2022-08-08 08:00:00,20220826,20hz
100hz_Baro_Sensors107.dat,2022-08-08 08:00:00,20220826,Baro
20hz_Sensors_20Hz107.dat,2022-08-08 08:00:00,20220826,20hz
100hz_Baro_Sensors108.dat,2022-08-08 12:00:00,20220826,Baro
20hz_Sensors_1Sec108.dat,2022-08-08 12:00:00,20220826,20hz
20hz_Sensors_20Hz108.dat,2022-08-08 12:00:00,20220826,20hz
100hz_Baro_Sensors109.dat,2022-08-08 16:00:00,20220826,Baro
20hz_Sensors_20Hz109.dat,2022-08-08 16:00:00,20220826,20hz
20hz_Sensors_1Sec109.dat,2022-08-08 16:00:00,20220826,20hz
20hz_Sensors_20Hz110.dat,2022-08-08 20:00:00,20220826,20hz
100hz_Baro_Sensors110.dat,2022-08-08 20:00:00,20220826,Baro
20hz_Sensors_1Sec110.dat,2022-08-08 20:00:00,20220826,20hz
20hz_Sensors_20Hz111.dat,2022-08-09 00:00:00,20220826,20hz
20hz_Sensors_1Sec111.dat,2022-08-09 00:00:00,20220826,20hz
100hz_Baro_Sensors111.dat,2022-08-09 00:00:00,20220826,Baro
100hz_Baro_Sensors112.dat,2022-08-09 04:00:00,20220826,Baro
20hz_Sensors_20Hz112.dat,2022-08-09 04:00:00,20220826,20hz
20hz_Sensors_1Sec112.dat,2022-08-09 04:00:00,20220826,20hz
20hz_Sensors_20Hz113.dat,2022-08-09 08:00:00,20220826,20hz
100hz_Baro_Sensors113.dat,2022-08-09 08:00:00,20220826,Baro
20hz_Sensors_1Sec113.dat,2022-08-09 08:00:00,20220826,20hz
20hz_Sensors_20Hz114.dat,2022-08-09 12:00:00,20220826,20hz
20hz_Sensors_1Sec114.dat,2022-08-09 12:00:00,20220826,20hz
100hz_Baro_Sensors114.dat,2022-08-09 12:00:00,20220826,Baro
20hz_Sensors_1Sec115.dat,2022-08-09 16:00:00,20220826,20hz
100hz_Baro_Sensors115.dat,2022-08-09 16:00:00,20220826,Baro
20hz_Sensors_20Hz115.dat,2022-08-09 16:00:00,20220826,20hz
20hz_Sensors_1Sec116.dat,2022-08-09 20:00:00,20220826,20hz
20hz_Sensors_20Hz116.dat,2022-08-09 20:00:00,20220826,20hz
100hz_Baro_Sensors116.dat,2022-08-09 20:00:00,20220826,Baro
20hz_Sensors_1Sec117.dat,2022-08-10 00:00:00,20220826,20hz
100hz_Baro_Sensors117.dat,2022-08-10 00:00:00,20220826,Baro
20hz_Sensors_20Hz117.dat,2022-08-10 00:00:00,20220826,20hz
20hz_Sensors_1Sec118.dat,2022-08-10 04:00:00,20220826,20hz
100hz_Baro_Sensors118.dat,2022-08-10 04:00:00,20220826,Baro
20hz_Sensors_20Hz118.dat,2022-08-10 04:00:00,20220826,20hz
20hz_Sensors_1Sec119.dat,2022-08-10 08:00:00,20220826,20hz
100hz_Baro_Sensors119.dat,2022-08-10 08:00:00,20220826,Baro
20hz_Sensors_20Hz119.dat,2022-08-10 08:00:00,20220826,20hz
20hz_Sensors_1Sec120.dat,2022-08-10 12:00:00,20220826,20hz
20hz_Sensors_20Hz120.dat,2022-08-10 12:00:00,20220826,20hz
100hz_Baro_Sensors120.dat,2022-08-10 12:00:00,20220826,Baro
20hz_Sensors_1Sec121.dat,2022-08-10 16:00:00,20220826,20hz
20hz_Sensors_20Hz121.dat,2022-08-10 16:00:00,20220826,20hz
100hz_Baro_Sensors121.dat,2022-08-10 16:00:00,20220826,Baro
100hz_Baro_Sensors122.dat,2022-08-10 20:00:00,20220826,Baro
20hz_Sensors_1Sec122.dat,2022-08-10 20:00:00,20220826,20hz
20hz_Sensors_20Hz122.dat,2022-08-10 20:00:00,20220826,20hz
20hz_Sensors_1Sec123.dat,2022-08-11 00:00:00,20220826,20hz
20hz_Sensors_20Hz123.dat,2022-08-11 00:00:00,20220826,20hz
100hz_Baro_Sensors123.dat,2022-08-11 00:00:00,20220826,Baro
20hz_Sensors_1Sec124.dat,2022-08-11 04:00:00,20220826,20hz
20hz_Sensors_20Hz124.dat,2022-08-11 04:00:00,20220826,20hz
100hz_Baro_Sensors124.dat,2022-08-11 04:00:00,20220826,Baro
20hz_Sensors_20Hz125.dat,2022-08-11 08:00:00,20220826,20hz
20hz_Sensors_1Sec125.dat,2022-08-11 08:00:00,20220826,20hz
100hz_Baro_Sensors125.dat,2022-08-11 08:00:00,20220826,Baro
100hz_Baro_Sensors126.dat,2022-08-11 12:00:00,20220826,Baro
20hz_Sensors_1Sec126.dat,2022-08-11 12:00:00,20220826,20hz
20hz_Sensors_20Hz126.dat,2022-08-11 12:00:00,20220826,20hz
20hz_Sensors_20Hz127.dat,2022-08-11 16:00:00,20220826,20hz
20hz_Sensors_1Sec127.dat,2022-08-11 16:00:00,20220826,20hz
100hz_Baro_Sensors127.dat,2022-08-11 16:00:00,20220826,Baro
20hz_Sensors_20Hz128.dat,2022-08-11 20:00:00,20220826,20hz
20hz_Sensors_1Sec128.dat,2022-08-11 20:00:00,20220826,20hz
100hz_Baro_Sensors128.dat,2022-08-11 20:00:00,20220826,Baro
20hz_Sensors_1Sec129.dat,2022-08-12 00:00:00,20220826,20hz
20hz_Sensors_20Hz129.dat,2022-08-12 00:00:00,20220826,20hz
100hz_Baro_Sensors129.dat,2022-08-12 00:00:00,20220826,Baro
20hz_Sensors_1Sec130.dat,2022-08-12 04:00:00,20220826,20hz
100hz_Baro_Sensors130.dat,2022-08-12 04:00:00,20220826,Baro
20hz_Sensors_20Hz130.dat,2022-08-12 04:00:00,20220826,20hz
100hz_Baro_Sensors131.dat,2022-08-12 08:00:00,20220826,Baro
20hz_Sensors_1Sec131.dat,2022-08-12 08:00:00,20220826,20hz
20hz_Sensors_20Hz131.dat,2022-08-12 08:00:00,20220826,20hz
100hz_Baro_Sensors132.dat,2022-08-12 12:00:00,20220826,Baro
20hz_Sensors_1Sec132.dat,2022-08-12 12:00:00,20220826,20hz
20hz_Sensors_20Hz132.dat,2022-08-12 12:00:00,20220826,20hz
20hz_Sensors_20Hz133.dat,2022-08-12 16:00:00,20220826,20hz
20hz_Sensors_1Sec133.dat,2022-08-12 16:00:00,20220826,20hz
100hz_Baro_Sensors133.dat,2022-08-12 16:00:00,20220826,Baro
20hz_Sensors_20Hz134.dat,2022-08-12 20:00:00,20220826,20hz
100hz_Baro_Sensors134.dat,2022-08-12 20:00:00,20220826,Baro
20hz_Sensors_1Sec134.dat,2022-08-12 20:00:00,20220826,20hz
20hz_Sensors_1Sec135.dat,2022-08-13 00:00:00,20220826,20hz
100hz_Baro_Sensors135.dat,2022-08-13 00:00:00,20220826,Baro
20hz_Sensors_20Hz135.dat,2022-08-13 00:00:00,20220826,20hz
20hz_Sensors_20Hz136.dat,2022-08-13 04:00:00,20220826,20hz
20hz_Sensors_1Sec136.dat,2022-08-13 04:00:00,20220826,20hz
100hz_Baro_Sensors136.dat,2022-08-13 04:00:00,20220826,Baro
20hz_Sensors_20Hz137.dat,2022-08-13 08:00:00,20220826,20hz
20hz_Sensors_1Sec137.dat,2022-08-13 08:00:00,20220826,20hz
100hz_Baro_Sensors137.dat,2022-08-13 08:00:00,20220826,Baro
20hz_Sensors_20Hz138.dat,2022-08-13 12:00:00,20220826,20hz
20hz_Sensors_1Sec138.dat,2022-08-13 12:00:00,20220826,20hz
100hz_Baro_Sensors138.dat,2022-08-13 12:00:00,20220826,Baro
100hz_Baro_Sensors139.dat,2022-08-13 16:00:00,20220826,Baro
20hz_Sensors_1Sec139.dat,2022-08-13 16:00:00,20220826,20hz
20hz_Sensors_20Hz139.dat,2022-08-13 16:00:00,20220826,20hz
100hz_Baro_Sensors140.dat,2022-08-13 20:00:00,20220826,Baro
20hz_Sensors_20Hz140.dat,2022-08-13 20:00:00,20220826,20hz
20hz_Sensors_1Sec140.dat,2022-08-13 20:00:00,20220826,20hz
20hz_Sensors_1Sec141.dat,2022-08-14 00:00:00,20220826,20hz
100hz_Baro_Sensors141.dat,2022-08-14 00:00:00,20220826,Baro
20hz_Sensors_20Hz141.dat,2022-08-14 00:00:00,20220826,20hz
20hz_Sensors_20Hz142.dat,2022-08-14 04:00:00,20220826,20hz
20hz_Sensors_1Sec142.dat,2022-08-14 04:00:00,20220826,20hz
100hz_Baro_Sensors142.dat,2022-08-14 04:00:00,20220826,Baro
20hz_Sensors_1Sec143.dat,2022-08-14 08:00:00,20220826,20hz
20hz_Sensors_20Hz143.dat,2022-08-14 08:00:00,20220826,20hz
100hz_Baro_Sensors143.dat,2022-08-14 08:00:00,20220826,Baro
20hz_Sensors_1Sec144.dat,2022-08-14 12:00:00,20220826,20hz
20hz_Sensors_20Hz144.dat,2022-08-14 12:00:00,20220826,20hz
100hz_Baro_Sensors144.dat,2022-08-14 12:00:00,20220826,Baro
100hz_Baro_Sensors145.dat,2022-08-14 16:00:00,20220826,Baro
20hz_Sensors_1Sec145.dat,2022-08-14 16:00:00,20220826,20hz
20hz_Sensors_20Hz145.dat,2022-08-14 16:00:00,20220826,20hz
20hz_Sensors_1Sec146.dat,2022-08-14 20:00:00,20220826,20hz
20hz_Sensors_20Hz146.dat,2022-08-14 20:00:00,20220826,20hz
100hz_Baro_Sensors146.dat,2022-08-14 20:00:00,20220826,Baro
20hz_Sensors_20Hz147.dat,2022-08-15 00:00:00,20220826,20hz
100hz_Baro_Sensors147.dat,2022-08-15 00:00:00,20220826,Baro
20hz_Sensors_1Sec147.dat,2022-08-15 00:00:00,20220826,20hz
20hz_Sensors_20Hz148.dat,2022-08-15 04:00:00,20220826,20hz
20hz_Sensors_1Sec148.dat,2022-08-15 04:00:00,20220826,20hz
100hz_Baro_Sensors148.dat,2022-08-15 04:00:00,20220826,Baro
100hz_Baro_Sensors149.dat,2022-08-15 08:00:00,20220826,Baro
20hz_Sensors_20Hz149.dat,2022-08-15 08:00:00,20220826,20hz
20hz_Sensors_1Sec149.dat,2022-08-15 08:00:00,20220826,20hz
20hz_Sensors_1Sec150.dat,2022-08-15 12:00:00,20220826,20hz
100hz_Baro_Sensors150.dat,2022-08-15 12:00:00,20220826,Baro
20hz_Sensors_20Hz150.dat,2022-08-15 12:00:00,20220826,20hz
100hz_Baro_Sensors151.dat,2022-08-15 16:00:00,20220826,Baro
20hz_Sensors_20Hz151.dat,2022-08-15 16:00:00,20220826,20hz
20hz_Sensors_1Sec151.dat,2022-08-15 16:00:00,20220826,20hz
20hz_Sensors_1Sec152.dat,2022-08-15 20:00:00,20220826,20hz
20hz_Sensors_20Hz152.dat,2022-08-15 20:00:00,20220826,20hz
100hz_Baro_Sensors152.dat,2022-08-15 20:00:00,20220826,Baro
20hz_Sensors_20Hz153.dat,2022-08-16 00:00:00,20220826,20hz
20hz_Sensors_1Sec153.dat,2022-08-16 00:00:00,20220826,20hz
100hz_Baro_Sensors153.dat,2022-08-16 00:00:00,20220826,Baro
20hz_Sensors_20Hz154.dat,2022-08-16 04:00:00,20220826,20hz
20hz_Sensors_1Sec154.dat,2022-08-16 04:00:00,20220826,20hz
100hz_Baro_Sensors154.dat,2022-08-16 04:00:00,20220826,Baro
20hz_Sensors_1Sec155.dat,2022-08-16 08:00:00,20220826,20hz
100hz_Baro_Sensors155.dat,2022-08-16 08:00:00,20220826,Baro
20hz_Sensors_20Hz155.dat,2022-08-16 08:00:00,20220826,20hz
20hz_Sensors_1Sec156.dat,2022-08-16 12:00:00,20220826,20hz
100hz_Baro_Sensors156.dat,2022-08-16 12:00:00,20220826,Baro
20hz_Sensors_20Hz156.dat,2022-08-16 12:00:00,20220826,20hz
20hz_Sensors_20Hz157.dat,2022-08-16 16:00:00,20220826,20hz
20hz_Sensors_1Sec157.dat,2022-08-16 16:00:00,20220826,20hz
100hz_Baro_Sensors157.dat,2022-08-16 16:00:00,20220826,Baro
20hz_Sensors_20Hz158.dat,2022-08-16 20:00:00,20220826,20hz
20hz_Sensors_1Sec158.dat,2022-08-16 20:00:00,20220826,20hz
100hz_Baro_Sensors158.dat,2022-08-16 20:00:00,20220826,Baro
20hz_Sensors_20Hz159.dat,2022-08-17 00:00:00,20220826,20hz
20hz_Sensors_1Sec159.dat,2022-08-17 00:00:00,20220826,20hz
100hz_Baro_Sensors159.dat,2022-08-17 00:00:00,20220826,Baro
20hz_Sensors_1Sec160.dat,2022-08-17 04:00:00,20220826,20hz
100hz_Baro_Sensors160.dat,2022-08-17 04:00:00,20220826,Baro
20hz_Sensors_20Hz160.dat,2022-08-17 04:00:00,20220826,20hz
20hz_Sensors_20Hz161.dat,2022-08-17 08:00:00,20220826,20hz
20hz_Sensors_1Sec161.dat,2022-08-17 08:00:00,20220826,20hz
100hz_Baro_Sensors161.dat,2022-08-17 08:00:00,20220826,Baro
100hz_Baro_Sensors162.dat,2022-08-17 12:00:00,20220826,Baro
20hz_Sensors_1Sec162.dat,2022-08-17 12:00:00,20220826,20hz
20hz_Sensors_20Hz162.dat,2022-08-17 12:00:00,20220826,20hz
100hz_Baro_Sensors163.dat,2022-08-17 16:00:00,20220826,Baro
20hz_Sensors_20Hz163.dat,2022-08-17 16:00:00,20220826,20hz
20hz_Sensors_1Sec163.dat,2022-08-17 16:00:00,20220826,20hz
20hz_Sensors_1Sec164.dat,2022-08-17 20:00:00,20220826,20hz
20hz_Sensors_20Hz164.dat,2022-08-17 20:00:00,20220826,20hz
100hz_Baro_Sensors164.dat,2022-08-17 20:00:00,20220826,Baro
100hz_Baro_Sensors165.dat,2022-08-18 00:00:00,20220826,Baro
20hz_Sensors_20Hz165.dat,2022-08-18 00:00:00,20220826,20hz
20hz_Sensors_1Sec165.dat,2022-08-18 00:00:00,20220826,20hz
100hz_Baro_Sensors166.dat,2022-08-18 04:00:00,20220826,Baro
20hz_Sensors_1Sec166.dat,2022-08-18 04:00:00,20220826,20hz
20hz_Sensors_20Hz166.dat,2022-08-18 04:00:00,20220826,20hz
20hz_Sensors_20Hz167.dat,2022-08-18 08:00:00,20220826,20hz
20hz_Sensors_1Sec167.dat,2022-08-18 08:00:00,20220826,20hz
100hz_Baro_Sensors167.dat,2022-08-18 08:00:00,20220826,Baro
20hz_Sensors_1Sec168.dat,2022-08-18 12:00:00,20220826,20hz
20hz_Sensors_20Hz168.dat,2022-08-18 12:00:00,20220826,20hz
100hz_Baro_Sensors168.dat,2022-08-18 12:00:00,20220826,Baro
20hz_Sensors_1Sec169.dat,2022-08-18 16:00:00,20220826,20hz
20hz_Sensors_20Hz169.dat,2022-08-18 16:00:00,20220826,20hz
100hz_Baro_Sensors169.dat,2022-08-18 16:00:00,20220826,Baro
20hz_Sensors_1Sec170.dat,2022-08-18 20:00:00,20220826,20hz
20hz_Sensors_20Hz170.dat,2022-08-18 20:00:00,20220826,20hz
100hz_Baro_Sensors170.dat,2022-08-18 20:00:00,20220826,Baro
100hz_Baro_Sensors171.dat,2022-08-19 00:00:00,20220826,Baro
20hz_Sensors_20Hz171.dat,2022-08-19 00:00:00,20220826,20hz
20hz_Sensors_1Sec171.dat,2022-08-19 00:00:00,20220826,20hz
20hz_Sensors_1Sec172.dat,2022-08-19 04:00:00,20220826,20hz
100hz_Baro_Sensors172.dat,2022-08-19 04:00:00,20220826,Baro
20hz_Sensors_20Hz172.dat,2022-08-19 04:00:00,20220826,20hz
20hz_Sensors_20Hz173.dat,2022-08-19 08:00:00,20220826,20hz
20hz_Sensors_1Sec173.dat,2022-08-19 08:00:00,20220826,20hz
100hz_Baro_Sensors173.dat,2022-08-19 08:00:00,20220826,Baro
20hz_Sensors_20Hz174.dat,2022-08-19 12:00:00,20220826,20hz
20hz_Sensors_1Sec174.dat,2022-08-19 12:00:00,20220826,20hz
100hz_Baro_Sensors174.dat,2022-08-19 12:00:00,20220826,Baro
20hz_Sensors_20Hz175.dat,2022-08-19 16:00:00,20220826,20hz
100hz_Baro_Sensors175.dat,2022-08-19 16:00:00,20220826,Baro
20hz_Sensors_1Sec175.dat,2022-08-19 16:00:00,20220826,20hz
20hz_Sensors_20Hz176.dat,2022-08-19 20:00:00,20220826,20hz
100hz_Baro_Sensors176.dat,2022-08-19 20:00:00,20220826,Baro
20hz_Sensors_1Sec176.dat,2022-08-19 20:00:00,20220826,20hz
20hz_Sensors_20Hz177.dat,2022-08-20 00:00:00,20220826,20hz
100hz_Baro_Sensors177.dat,2022-08-20 00:00:00,20220826,Baro
20hz_Sensors_1Sec177.dat,2022-08-20 00:00:00,20220826,20hz
20hz_Sensors_1Sec178.dat,2022-08-20 04:00:00,20220826,20hz
100hz_Baro_Sensors178.dat,2022-08-20 04:00:00,20220826,Baro
20hz_Sensors_20Hz178.dat,2022-08-20 04:00:00,20220826,20hz
20hz_Sensors_1Sec179.dat,2022-08-20 08:00:00,20220826,20hz
20hz_Sensors_20Hz179.dat,2022-08-20 08:00:00,20220826,20hz
100hz_Baro_Sensors179.dat,2022-08-20 08:00:00,20220826,Baro
20hz_Sensors_1Sec180.dat,2022-08-20 12:00:00,20220826,20hz
100hz_Baro_Sensors180.dat,2022-08-20 12:00:00,20220826,Baro
20hz_Sensors_20Hz180.dat,2022-08-20 12:00:00,20220826,20hz
20hz_Sensors_1Sec181.dat,2022-08-20 16:00:00,20220826,20hz
20hz_Sensors_20Hz181.dat,2022-08-20 16:00:00,20220826,20hz
100hz_Baro_Sensors181.dat,2022-08-20 16:00:00,20220826,Baro
100hz_Baro_Sensors182.dat,2022-08-20 20:00:00,20220826,Baro
20hz_Sensors_20Hz182.dat,2022-08-20 20:00:00,20220826,20hz
20hz_Sensors_1Sec182.dat,2022-08-20 20:00:00,20220826,20hz
20hz_Sensors_1Sec183.dat,2022-08-21 00:00:00,20220826,20hz
20hz_Sensors_20Hz183.dat,2022-08-21 00:00:00,20220826,20hz
100hz_Baro_Sensors183.dat,2022-08-21 00:00:00,20220826,Baro
20hz_Sensors_1Sec184.dat,2022-08-21 04:00:00,20220826,20hz
100hz_Baro_Sensors184.dat,2022-08-21 04:00:00,20220826,Baro
20hz_Sensors_20Hz184.dat,2022-08-21 04:00:00,20220826,20hz
20hz_Sensors_1Sec185.dat,2022-08-21 08:00:00,20220826,20hz
20hz_Sensors_20Hz185.dat,2022-08-21 08:00:00,20220826,20hz
100hz_Baro_Sensors185.dat,2022-08-21 08:00:00,20220826,Baro
20hz_Sensors_1Sec186.dat,2022-08-21 12:00:00,20220826,20hz
100hz_Baro_Sensors186.dat,2022-08-21 12:00:00,20220826,Baro
20hz_Sensors_20Hz186.dat,2022-08-21 12:00:00,20220826,20hz
100hz_Baro_Sensors187.dat,2022-08-21 16:00:00,20220826,Baro
20hz_Sensors_20Hz187.dat,2022-08-21 16:00:00,20220826,20hz
20hz_Sensors_1Sec187.dat,2022-08-21 16:00:00,20220826,20hz
20hz_Sensors_20Hz188.dat,2022-08-21 20:00:00,20220826,20hz
100hz_Baro_Sensors188.dat,2022-08-21 20:00:00,20220826,Baro
20hz_Sensors_1Sec188.dat,2022-08-21 20:00:00,20220826,20hz
20hz_Sensors_1Sec189.dat,2022-08-22 00:00:00,20220826,20hz
100hz_Baro_Sensors189.dat,2022-08-22 00:00:00,20220826,Baro
20hz_Sensors_20Hz189.dat,2022-08-22 00:00:00,20220826,20hz
20hz_Sensors_1Sec190.dat,2022-08-22 04:00:00,20220826,20hz
100hz_Baro_Sensors190.dat,2022-08-22 04:00:00,20220826,Baro
20hz_Sensors_20Hz190.dat,2022-08-22 04:00:00,20220826,20hz
100hz_Baro_Sensors191.dat,2022-08-22 08:00:00,20220826,Baro
20hz_Sensors_1Sec191.dat,2022-08-22 08:00:00,20220826,20hz
20hz_Sensors_20Hz191.dat,2022-08-22 08:00:00,20220826,20hz
20hz_Sensors_1Sec192.dat,2022-08-22 12:00:00,20220826,20hz
100hz_Baro_Sensors192.dat,2022-08-22 12:00:00,20220826,Baro
20hz_Sensors_20Hz192.dat,2022-08-22 12:00:00,20220826,20hz
20hz_Sensors_20Hz193.dat,2022-08-22 16:00:00,20220826,20hz
20hz_Sensors_1Sec193.dat,2022-08-22 16:00:00,20220826,20hz
100hz_Baro_Sensors193.dat,2022-08-22 16:00:00,20220826,Baro
20hz_Sensors_20Hz194.dat,2022-08-22 20:00:00,20220826,20hz
20hz_Sensors_1Sec194.dat,2022-08-22 20:00:00,20220826,20hz
100hz_Baro_Sensors194.dat,2022-08-22 20:00:00,20220826,Baro
20hz_Sensors_20Hz195.dat,2022-08-23 00:00:00,20220826,20hz
100hz_Baro_Sensors195.dat,2022-08-23 00:00:00,20220826,Baro
20hz_Sensors_1Sec195.dat,2022-08-23 00:00:00,20220826,20hz
20hz_Sensors_20Hz196.dat,2022-08-23 04:00:00,20220826,20hz
100hz_Baro_Sensors196.dat,2022-08-23 04:00:00,20220826,Baro
20hz_Sensors_1Sec196.dat,2022-08-23 04:00:00,20220826,20hz
100hz_Baro_Sensors197.dat,2022-08-23 08:00:00,20220826,Baro
20hz_Sensors_20Hz197.dat,2022-08-23 08:00:00,20220826,20hz
20hz_Sensors_1Sec197.dat,2022-08-23 08:00:00,20220826,20hz
20hz_Sensors_20Hz198.dat,2022-08-23 12:00:00,20220826,20hz
20hz_Sensors_1Sec198.dat,2022-08-23 12:00:00,20220826,20hz
100hz_Baro_Sensors198.dat,2022-08-23 12:00:00,20220826,Baro
100hz_Baro_Sensors199.dat,2022-08-23 16:00:00,20220826,Baro
20hz_Sensors_20Hz199.dat,2022-08-23 16:00:00,20220826,20hz
20hz_Sensors_1Sec199.dat,2022-08-23 16:00:00,20220826,20hz
20hz_Sensors_20Hz200.dat,2022-08-23 20:00:00,20220826,20hz
20hz_Sensors_1Sec200.dat,2022-08-23 20:00:00,20220826,20hz
100hz_Baro_Sensors200.dat,2022-08-23 20:00:00,20220826,Baro
100hz_Baro_Sensors201.dat,2022-08-24 00:00:00,20220826,Baro
20hz_Sensors_1Sec201.dat,2022-08-24 00:00:00,20220826,20hz
20hz_Sensors_20Hz201.dat,2022-08-24 00:00:00,20220826,20hz
20hz_Sensors_20Hz202.dat,2022-08-24 04:00:00,20220826,20hz
20hz_Sensors_1Sec202.dat,2022-08-24 04:00:00,20220826,20hz
100hz_Baro_Sensors202.dat,2022-08-24 04:00:00,20220826,Baro
20hz_Sensors_20Hz203.dat,2022-08-24 08:00:00,20220826,20hz
20hz_Sensors_1Sec203.dat,2022-08-24 08:00:00,20220826,20hz
100hz_Baro_Sensors203.dat,2022-08-24 08:00:00,20220826,Baro
20hz_Sensors_1Sec204.dat,2022-08-24 12:00:00,20220826,20hz
20hz_Sensors_20Hz204.dat,2022-08-24 12:00:00,20220826,20hz
100hz_Baro_Sensors204.dat,2022-08-24 12:00:00,20220826,Baro
20hz_Sensors_20Hz205.dat,2022-08-24 16:00:00,20220826,20hz
100hz_Baro_Sensors205.dat,2022-08-24 16:00:00,20220826,Baro
20hz_Sensors_1Sec205.dat,2022-08-24 16:00:00,20220826,20hz
20hz_Sensors_1Sec206.dat,2022-08-24 20:00:00,20220826,20hz
20hz_Sensors_20Hz206.dat,2022-08-24 20:00:00,20220826,20hz
100hz_Baro_Sensors206.dat,2022-08-24 20:00:00,20220826,Baro
20hz_Sensors_1Sec207.dat,2022-08-25 00:00:00,20220826,20hz
100hz_Baro_Sensors207.dat,2022-08-25 00:00:00,20220826,Baro
20hz_Sensors_20Hz207.dat,2022-08-25 00:00:00,20220826,20hz
20hz_Sensors_1Sec208.dat,2022-08-25 04:00:00,20220826,20hz
100hz_Baro_Sensors208.dat,2022-08-25 04:00:00,20220826,Baro
20hz_Sensors_20Hz208.dat,2022-08-25 04:00:00,20220826,20hz
20hz_Sensors_1Sec209.dat,2022-08-25 08:00:00,20220826,20hz
20hz_Sensors_20Hz209.dat,2022-08-25 08:00:00,20220826,20hz
100hz_Baro_Sensors209.dat,2022-08-25 08:00:00,20220826,Baro
100hz_Baro_Sensors210.dat,2022-08-25 12:00:00,20220826,Baro
20hz_Sensors_1Sec210.dat,2022-08-25 12:00:00,20220826,20hz
20hz_Sensors_20Hz210.dat,2022-08-25 12:00:00,20220826,20hz
100hz_Baro_Sensors211.dat,2022-08-25 16:00:00,20220826,Baro
20hz_Sensors_1Sec211.dat,2022-08-25 16:00:00,20220826,20hz
20hz_Sensors_20Hz211.dat,2022-08-25 16:00:00,20220826,20hz
100hz_Baro_Sensors212.dat,2022-08-25 20:00:00,20220826,Baro
20hz_Sensors_1Sec212.dat,2022-08-25 20:00:00,20220826,20hz
20hz_Sensors_20Hz212.dat,2022-08-25 20:00:00,20220826,20hz
100hz_Baro_Sensors213.dat,2022-08-26 00:00:00,20220826,Baro
20hz_Sensors_1Sec213.dat,2022-08-26 00:00:00,20220826,20hz
20hz_Sensors_20Hz213.dat,2022-08-26 00:00:00,20220826,20hz
100hz_Baro_Sensors214.dat,2022-08-26 04:00:00,20220826,Baro
20hz_Sensors_1Sec214.dat,2022-08-26 04:00:00,20220826,20hz
20hz_Sensors_20Hz214.dat,2022-08-26 04:00:00,20220826,20hz
20hz_Sensors_1Sec215.dat,2022-08-26 08:00:00,20220826,20hz
100hz_Baro_Sensors215.dat,2022-08-26 08:00:00,20220826,Baro
20hz_Sensors_20Hz215.dat,2022-08-26 08:00:00,20220826,20hz
20hz_Sensors_20Hz216.dat,2022-08-26 08:44:24,20220923,20Hz
100hz_Baro_Sensors217.dat,2022-08-26 12:00:00,20220923,Baro
20hz_Sensors_20Hz217.dat,2022-08-26 12:00:00,20220923,20Hz
20hz_Sensors_20Hz218.dat,2022-08-26 16:00:00,20220923,20Hz
100hz_Baro_Sensors218.dat,2022-08-26 16:00:00,20220923,Baro
100hz_Baro_Sensors219.dat,2022-08-26 20:00:00,20220923,Baro
20hz_Sensors_20Hz219.dat,2022-08-26 20:00:00,20220923,20Hz
20hz_Sensors_20Hz220.dat,2022-08-27 00:00:00,20220923,20Hz
100hz_Baro_Sensors220.dat,2022-08-27 00:00:00,20220923,Baro
20hz_Sensors_20Hz221.dat,2022-08-27 08:31:40,20220923,20Hz
100hz_Baro_Sensors221.dat,2022-08-27 08:31:40,20220923,Baro
100hz_Baro_Sensors222.dat,2022-08-27 12:00:00,20220923,Baro
20hz_Sensors_20Hz222.dat,2022-08-27 12:00:00,20220923,20Hz
20hz_Sensors_20Hz223.dat,2022-08-27 16:00:00,20220923,20Hz
100hz_Baro_Sensors223.dat,2022-08-27 16:00:00,20220923,Baro
20hz_Sensors_20Hz224.dat,2022-08-27 20:00:00,20220923,20Hz
100hz_Baro_Sensors224.dat,2022-08-27 20:00:00,20220923,Baro
20hz_Sensors_20Hz225.dat,2022-08-28 08:50:14,20220923,20Hz
100hz_Baro_Sensors225.dat,2022-08-28 08:50:14,20220923,Baro
100hz_Baro_Sensors226.dat,2022-08-28 12:00:00,20220923,Baro
20hz_Sensors_20Hz226.dat,2022-08-28 12:00:00,20220923,20Hz
20hz_Sensors_20Hz227.dat,2022-08-28 16:00:00,20220923,20Hz
100hz_Baro_Sensors227.dat,2022-08-28 16:00:00,20220923,Baro
100hz_Baro_Sensors228.dat,2022-08-28 20:00:00,20220923,Baro
20hz_Sensors_20Hz228.dat,2022-08-28 20:00:00,20220923,20Hz
100hz_Baro_Sensors229.dat,2022-08-29 00:00:00,20220923,Baro
20hz_Sensors_20Hz229.dat,2022-08-29 00:00:00,20220923,20Hz
20hz_Sensors_20Hz230.dat,2022-08-29 04:00:00,20220923,20Hz
100hz_Baro_Sensors230.dat,2022-08-29 04:00:00,20220923,Baro
20hz_Sensors_20Hz231.dat,2022-08-29 08:00:00,20220923,20Hz
100hz_Baro_Sensors231.dat,2022-08-29 08:00:00,20220923,Baro
100hz_Baro_Sensors232.dat,2022-08-29 12:00:00,20220923,Baro
20hz_Sensors_20Hz232.dat,2022-08-29 12:00:00,20220923,20Hz
20hz_Sensors_20Hz233.dat,2022-08-29 16:00:00,20220923,20Hz
100hz_Baro_Sensors233.dat,2022-08-29 16:00:00,20220923,Baro
100hz_Baro_Sensors234.dat,2022-08-29 20:00:00,20220923,Baro
20hz_Sensors_20Hz234.dat,2022-08-29 20:00:00,20220923,20Hz
20hz_Sensors_20Hz235.dat,2022-08-30 00:00:00,20220923,20Hz
100hz_Baro_Sensors235.dat,2022-08-30 00:00:00,20220923,Baro
100hz_Baro_Sensors236.dat,2022-08-30 04:00:00,20220923,Baro
20hz_Sensors_20Hz236.dat,2022-08-30 04:00:00,20220923,20Hz
100hz_Baro_Sensors237.dat,2022-08-30 08:00:00,20220923,Baro
20hz_Sensors_20Hz237.dat,2022-08-30 08:00:00,20220923,20Hz
100hz_Baro_Sensors238.dat,2022-08-30 12:00:00,20220923,Baro
20hz_Sensors_20Hz238.dat,2022-08-30 12:00:00,20220923,20Hz
100hz_Baro_Sensors239.dat,2022-08-30 16:00:00,20220923,Baro
20hz_Sensors_20Hz239.dat,2022-08-30 16:00:00,20220923,20Hz
20hz_Sensors_20Hz240.dat,2022-08-30 20:00:00,20220923,20Hz
100hz_Baro_Sensors240.dat,2022-08-30 20:00:00,20220923,Baro
100hz_Baro_Sensors241.dat,2022-08-31 00:00:00,20220923,Baro
20hz_Sensors_20Hz241.dat,2022-08-31 00:00:00,20220923,20Hz
20hz_Sensors_20Hz242.dat,2022-08-31 04:00:00,20220923,20Hz
100hz_Baro_Sensors242.dat,2022-08-31 04:00:00,20220923,Baro
20hz_Sensors_20Hz243.dat,2022-08-31 08:00:00,20220923,20Hz
100hz_Baro_Sensors243.dat,2022-08-31 08:00:00,20220923,Baro
100hz_Baro_Sensors244.dat,2022-08-31 12:00:00,20220923,Baro
20hz_Sensors_20Hz244.dat,2022-08-31 12:00:00,20220923,20Hz
100hz_Baro_Sensors245.dat,2022-08-31 16:00:00,20220923,Baro
20hz_Sensors_20Hz245.dat,2022-08-31 16:00:00,20220923,20Hz
100hz_Baro_Sensors246.dat,2022-08-31 20:00:00,20220923,Baro
20hz_Sensors_20Hz246.dat,2022-08-31 20:00:00,20220923,20Hz
100hz_Baro_Sensors247.dat,2022-09-01 00:00:00,20220923,Baro
20hz_Sensors_20Hz247.dat,2022-09-01 00:00:00,20220923,20Hz
20hz_Sensors_20Hz248.dat,2022-09-01 04:00:00,20220923,20Hz
100hz_Baro_Sensors248.dat,2022-09-01 04:00:00,20220923,Baro
20hz_Sensors_20Hz249.dat,2022-09-01 08:00:00,20220923,20Hz
100hz_Baro_Sensors249.dat,2022-09-01 08:00:00,20220923,Baro
20hz_Sensors_20Hz250.dat,2022-09-01 12:00:00,20220923,20Hz
100hz_Baro_Sensors250.dat,2022-09-01 12:00:00,20220923,Baro
20hz_Sensors_20Hz251.dat,2022-09-01 16:00:00,20220923,20Hz
100hz_Baro_Sensors251.dat,2022-09-01 16:00:00,20220923,Baro
20hz_Sensors_20Hz252.dat,2022-09-01 20:00:00,20220923,20Hz
100hz_Baro_Sensors252.dat,2022-09-01 20:00:00,20220923,Baro
20hz_Sensors_20Hz253.dat,2022-09-02 00:00:00,20220923,20Hz
100hz_Baro_Sensors253.dat,2022-09-02 00:00:00,20220923,Baro
20hz_Sensors_20Hz254.dat,2022-09-02 04:00:00,20220923,20Hz
100hz_Baro_Sensors254.dat,2022-09-02 04:00:00,20220923,Baro
20hz_Sensors_20Hz255.dat,2022-09-02 08:00:00,20220923,20Hz
100hz_Baro_Sensors255.dat,2022-09-02 08:00:00,20220923,Baro
100hz_Baro_Sensors256.dat,2022-09-02 12:00:00,20220923,Baro
20hz_Sensors_20Hz256.dat,2022-09-02 12:00:00,20220923,20Hz
20hz_Sensors_20Hz257.dat,2022-09-02 16:00:00,20220923,20Hz
100hz_Baro_Sensors257.dat,2022-09-02 16:00:00,20220923,Baro
100hz_Baro_Sensors258.dat,2022-09-02 20:00:00,20220923,Baro
20hz_Sensors_20Hz258.dat,2022-09-02 20:00:00,20220923,20Hz
100hz_Baro_Sensors259.dat,2022-09-03 00:00:00,20220923,Baro
20hz_Sensors_20Hz259.dat,2022-09-03 00:00:00,20220923,20Hz
100hz_Baro_Sensors260.dat,2022-09-03 04:00:00,20220923,Baro
20hz_Sensors_20Hz260.dat,2022-09-03 04:00:00,20220923,20Hz
20hz_Sensors_20Hz261.dat,2022-09-03 08:00:00,20220923,20Hz
100hz_Baro_Sensors261.dat,2022-09-03 08:00:00,20220923,Baro
20hz_Sensors_20Hz262.dat,2022-09-03 12:00:00,20220923,20Hz
100hz_Baro_Sensors262.dat,2022-09-03 12:00:00,20220923,Baro
100hz_Baro_Sensors263.dat,2022-09-03 16:00:00,20220923,Baro
20hz_Sensors_20Hz263.dat,2022-09-03 16:00:00,20220923,20Hz
20hz_Sensors_20Hz264.dat,2022-09-03 20:00:00,20220923,20Hz
100hz_Baro_Sensors264.dat,2022-09-03 20:00:00,20220923,Baro
100hz_Baro_Sensors265.dat,2022-09-04 00:00:00,20220923,Baro
20hz_Sensors_20Hz265.dat,2022-09-04 00:00:00,20220923,20Hz
100hz_Baro_Sensors266.dat,2022-09-04 04:00:00,20220923,Baro
20hz_Sensors_20Hz266.dat,2022-09-04 04:00:00,20220923,20Hz
100hz_Baro_Sensors267.dat,2022-09-04 08:00:00,20220923,Baro
20hz_Sensors_20Hz267.dat,2022-09-04 08:00:00,20220923,20Hz
100hz_Baro_Sensors268.dat,2022-09-04 12:00:00,20220923,Baro
20hz_Sensors_20Hz268.dat,2022-09-04 12:00:00,20220923,20Hz
100hz_Baro_Sensors269.dat,2022-09-04 16:00:00,20220923,Baro
20hz_Sensors_20Hz269.dat,2022-09-04 16:00:00,20220923,20Hz
100hz_Baro_Sensors270.dat,2022-09-04 20:00:00,20220923,Baro
20hz_Sensors_20Hz270.dat,2022-09-04 20:00:00,20220923,20Hz
20hz_Sensors_20Hz271.dat,2022-09-05 00:00:00,20220923,20Hz
100hz_Baro_Sensors271.dat,2022-09-05 00:00:00,20220923,Baro
100hz_Baro_Sensors272.dat,2022-09-05 04:00:00,20220923,Baro
20hz_Sensors_20Hz272.dat,2022-09-05 04:00:00,20220923,20Hz
20hz_Sensors_20Hz273.dat,2022-09-05 08:00:00,20220923,20Hz
100hz_Baro_Sensors273.dat,2022-09-05 08:00:00,20220923,Baro
20hz_Sensors_20Hz274.dat,2022-09-05 12:00:00,20220923,20Hz
100hz_Baro_Sensors274.dat,2022-09-05 12:00:00,20220923,Baro
100hz_Baro_Sensors275.dat,2022-09-05 16:00:00,20220923,Baro
20hz_Sensors_20Hz275.dat,2022-09-05 16:00:00,20220923,20Hz
20hz_Sensors_20Hz276.dat,2022-09-05 20:00:00,20220923,20Hz
100hz_Baro_Sensors276.dat,2022-09-05 20:00:00,20220923,Baro
100hz_Baro_Sensors277.dat,2022-09-06 00:00:00,20220923,Baro
20hz_Sensors_20Hz277.dat,2022-09-06 00:00:00,20220923,20Hz
100hz_Baro_Sensors278.dat,2022-09-06 04:00:00,20220923,Baro
20hz_Sensors_20Hz278.dat,2022-09-06 04:00:00,20220923,20Hz
100hz_Baro_Sensors279.dat,2022-09-06 08:00:00,20220923,Baro
20hz_Sensors_20Hz279.dat,2022-09-06 08:00:00,20220923,20Hz
100hz_Baro_Sensors280.dat,2022-09-06 12:00:00,20220923,Baro
20hz_Sensors_20Hz280.dat,2022-09-06 12:00:00,20220923,20Hz
100hz_Baro_Sensors281.dat,2022-09-06 16:00:00,20220923,Baro
20hz_Sensors_20Hz281.dat,2022-09-06 16:00:00,20220923,20Hz
20hz_Sensors_20Hz282.dat,2022-09-06 20:00:00,20220923,20Hz
100hz_Baro_Sensors282.dat,2022-09-06 20:00:00,20220923,Baro
100hz_Baro_Sensors283.dat,2022-09-07 00:00:00,20220923,Baro
20hz_Sensors_20Hz283.dat,2022-09-07 00:00:00,20220923,20Hz
100hz_Baro_Sensors284.dat,2022-09-07 04:00:00,20220923,Baro
20hz_Sensors_20Hz284.dat,2022-09-07 04:00:00,20220923,20Hz
100hz_Baro_Sensors285.dat,2022-09-07 08:00:00,20220923,Baro
20hz_Sensors_20Hz285.dat,2022-09-07 08:00:00,20220923,20Hz
20hz_Sensors_20Hz286.dat,2022-09-07 12:00:00,20220923,20Hz
100hz_Baro_Sensors286.dat,2022-09-07 12:00:00,20220923,Baro
20hz_Sensors_20Hz287.dat,2022-09-07 16:00:00,20220923,20Hz
100hz_Baro_Sensors287.dat,2022-09-07 16:00:00,20220923,Baro
100hz_Baro_Sensors288.dat,2022-09-07 20:00:00,20220923,Baro
20hz_Sensors_20Hz288.dat,2022-09-07 20:00:00,20220923,20Hz
100hz_Baro_Sensors289.dat,2022-09-08 00:00:00,20220923,Baro
20hz_Sensors_20Hz289.dat,2022-09-08 00:00:00,20220923,20Hz
20hz_Sensors_20Hz290.dat,2022-09-08 04:00:00,20220923,20Hz
100hz_Baro_Sensors290.dat,2022-09-08 04:00:00,20220923,Baro
20hz_Sensors_20Hz291.dat,2022-09-08 08:00:00,20220923,20Hz
100hz_Baro_Sensors291.dat,2022-09-08 08:00:00,20220923,Baro
100hz_Baro_Sensors292.dat,2022-09-08 12:00:00,20220923,Baro
20hz_Sensors_20Hz292.dat,2022-09-08 12:00:00,20220923,20Hz
100hz_Baro_Sensors293.dat,2022-09-08 16:00:00,20220923,Baro
20hz_Sensors_20Hz293.dat,2022-09-08 16:00:00,20220923,20Hz
20hz_Sensors_20Hz294.dat,2022-09-08 20:00:00,20220923,20Hz
100hz_Baro_Sensors294.dat,2022-09-08 20:00:00,20220923,Baro
100hz_Baro_Sensors295.dat,2022-09-09 00:00:00,20220923,Baro
20hz_Sensors_20Hz295.dat,2022-09-09 00:00:00,20220923,20Hz
20hz_Sensors_20Hz296.dat,2022-09-09 04:00:00,20220923,20Hz
100hz_Baro_Sensors296.dat,2022-09-09 04:00:00,20220923,Baro
100hz_Baro_Sensors297.dat,2022-09-09 08:00:00,20220923,Baro
20hz_Sensors_20Hz297.dat,2022-09-09 08:00:00,20220923,20Hz
100hz_Baro_Sensors298.dat,2022-09-09 12:00:00,20220923,Baro
20hz_Sensors_20Hz298.dat,2022-09-09 12:00:00,20220923,20Hz
20hz_Sensors_20Hz299.dat,2022-09-09 16:00:00,20220923,20Hz
100hz_Baro_Sensors299.dat,2022-09-09 16:00:00,20220923,Baro
20hz_Sensors_20Hz300.dat,2022-09-09 20:00:00,20220923,20Hz
100hz_Baro_Sensors300.dat,2022-09-09 20:00:00,20220923,Baro
20hz_Sensors_20Hz301.dat,2022-09-10 00:00:00,20220923,20Hz
100hz_Baro_Sensors301.dat,2022-09-10 00:00:00,20220923,Baro
100hz_Baro_Sensors302.dat,2022-09-10 04:00:00,20220923,Baro
20hz_Sensors_20Hz302.dat,2022-09-10 04:00:00,20220923,20Hz
20hz_Sensors_20Hz303.dat,2022-09-10 08:00:00,20220923,20Hz
100hz_Baro_Sensors303.dat,2022-09-10 08:00:00,20220923,Baro
20hz_Sensors_20Hz304.dat,2022-09-10 12:00:00,20220923,20Hz
100hz_Baro_Sensors304.dat,2022-09-10 12:00:00,20220923,Baro
100hz_Baro_Sensors305.dat,2022-09-10 16:00:00,20220923,Baro
20hz_Sensors_20Hz305.dat,2022-09-10 16:00:00,20220923,20Hz
20hz_Sensors_20Hz306.dat,2022-09-10 20:00:00,20220923,20Hz
100hz_Baro_Sensors306.dat,2022-09-10 20:00:00,20220923,Baro
100hz_Baro_Sensors307.dat,2022-09-11 00:00:00,20220923,Baro
20hz_Sensors_20Hz307.dat,2022-09-11 00:00:00,20220923,20Hz
20hz_Sensors_20Hz308.dat,2022-09-11 04:00:00,20220923,20Hz
100hz_Baro_Sensors308.dat,2022-09-11 04:00:00,20220923,Baro
20hz_Sensors_20Hz309.dat,2022-09-11 08:00:00,20220923,20Hz
100hz_Baro_Sensors309.dat,2022-09-11 08:00:00,20220923,Baro
20hz_Sensors_20Hz310.dat,2022-09-11 12:00:00,20220923,20Hz
100hz_Baro_Sensors310.dat,2022-09-11 12:00:00,20220923,Baro
100hz_Baro_Sensors311.dat,2022-09-11 16:00:00,20220923,Baro
20hz_Sensors_20Hz311.dat,2022-09-11 16:00:00,20220923,20Hz
20hz_Sensors_20Hz312.dat,2022-09-11 20:00:00,20220923,20Hz
100hz_Baro_Sensors312.dat,2022-09-11 20:00:00,20220923,Baro
20hz_Sensors_20Hz313.dat,2022-09-12 00:00:00,20220923,20Hz
100hz_Baro_Sensors313.dat,2022-09-12 00:00:00,20220923,Baro
20hz_Sensors_20Hz314.dat,2022-09-12 04:00:00,20220923,20Hz
100hz_Baro_Sensors314.dat,2022-09-12 04:00:00,20220923,Baro
20hz_Sensors_20Hz315.dat,2022-09-12 08:00:00,20220923,20Hz
100hz_Baro_Sensors315.dat,2022-09-12 08:00:00,20220923,Baro
100hz_Baro_Sensors316.dat,2022-09-12 12:00:00,20220923,Baro
20hz_Sensors_20Hz316.dat,2022-09-12 12:00:00,20220923,20Hz
100hz_Baro_Sensors317.dat,2022-09-12 16:00:00,20220923,Baro
20hz_Sensors_20Hz317.dat,2022-09-12 16:00:00,20220923,20Hz
100hz_Baro_Sensors318.dat,2022-09-12 20:00:00,20220923,Baro
20hz_Sensors_20Hz318.dat,2022-09-12 20:00:00,20220923,20Hz
20hz_Sensors_20Hz319.dat,2022-09-13 00:00:00,20220923,20Hz
100hz_Baro_Sensors319.dat,2022-09-13 00:00:00,20220923,Baro
20hz_Sensors_20Hz320.dat,2022-09-13 04:00:00,20220923,20Hz
100hz_Baro_Sensors320.dat,2022-09-13 04:00:00,20220923,Baro
20hz_Sensors_20Hz321.dat,2022-09-13 08:00:00,20220923,20Hz
100hz_Baro_Sensors321.dat,2022-09-13 08:00:00,20220923,Baro
100hz_Baro_Sensors322.dat,2022-09-13 12:00:00,20220923,Baro
20hz_Sensors_20Hz322.dat,2022-09-13 12:00:00,20220923,20Hz
100hz_Baro_Sensors323.dat,2022-09-13 16:00:00,20220923,Baro
20hz_Sensors_20Hz323.dat,2022-09-13 16:00:00,20220923,20Hz
100hz_Baro_Sensors324.dat,2022-09-13 20:00:00,20220923,Baro
20hz_Sensors_20Hz324.dat,2022-09-13 20:00:00,20220923,20Hz
100hz_Baro_Sensors325.dat,2022-09-14 00:00:00,20220923,Baro
20hz_Sensors_20Hz325.dat,2022-09-14 00:00:00,20220923,20Hz
100hz_Baro_Sensors326.dat,2022-09-14 04:00:00,20220923,Baro
20hz_Sensors_20Hz326.dat,2022-09-14 04:00:00,20220923,20Hz
20hz_Sensors_20Hz327.dat,2022-09-14 08:00:00,20220923,20Hz
100hz_Baro_Sensors327.dat,2022-09-14 08:00:00,20220923,Baro
20hz_Sensors_20Hz328.dat,2022-09-14 12:00:00,20220923,20Hz
100hz_Baro_Sensors328.dat,2022-09-14 12:00:00,20220923,Baro
20hz_Sensors_20Hz329.dat,2022-09-14 16:00:00,20220923,20Hz
100hz_Baro_Sensors329.dat,2022-09-14 16:00:00,20220923,Baro
20hz_Sensors_20Hz330.dat,2022-09-14 20:00:00,20220923,20Hz
100hz_Baro_Sensors330.dat,2022-09-14 20:00:00,20220923,Baro
20hz_Sensors_20Hz331.dat,2022-09-15 00:00:00,20220923,20Hz
100hz_Baro_Sensors331.dat,2022-09-15 00:00:00,20220923,Baro
100hz_Baro_Sensors332.dat,2022-09-15 04:00:00,20220923,Baro
20hz_Sensors_20Hz332.dat,2022-09-15 04:00:00,20220923,20Hz
20hz_Sensors_20Hz333.dat,2022-09-15 08:00:00,20220923,20Hz
100hz_Baro_Sensors333.dat,2022-09-15 08:00:00,20220923,Baro
100hz_Baro_Sensors334.dat,2022-09-15 12:00:00,20220923,Baro
20hz_Sensors_20Hz334.dat,2022-09-15 12:00:00,20220923,20Hz
100hz_Baro_Sensors335.dat,2022-09-15 16:00:00,20220923,Baro
20hz_Sensors_20Hz335.dat,2022-09-15 16:00:00,20220923,20Hz
20hz_Sensors_20Hz336.dat,2022-09-15 20:00:00,20220923,20Hz
100hz_Baro_Sensors336.dat,2022-09-15 20:00:00,20220923,Baro
20hz_Sensors_20Hz337.dat,2022-09-16 00:00:00,20220923,20Hz
100hz_Baro_Sensors337.dat,2022-09-16 00:00:00,20220923,Baro
100hz_Baro_Sensors338.dat,2022-09-16 04:00:00,20220923,Baro
20hz_Sensors_20Hz338.dat,2022-09-16 04:00:00,20220923,20Hz
100hz_Baro_Sensors339.dat,2022-09-16 08:00:00,20220923,Baro
20hz_Sensors_20Hz339.dat,2022-09-16 08:00:00,20220923,20Hz
100hz_Baro_Sensors340.dat,2022-09-16 12:00:00,20220923,Baro
20hz_Sensors_20Hz340.dat,2022-09-16 12:00:00,20220923,20Hz
100hz_Baro_Sensors341.dat,2022-09-16 16:00:00,20220923,Baro
20hz_Sensors_20Hz341.dat,2022-09-16 16:00:00,20220923,20Hz
20hz_Sensors_20Hz342.dat,2022-09-16 20:00:00,20220923,20Hz
100hz_Baro_Sensors342.dat,2022-09-16 20:00:00,20220923,Baro
20hz_Sensors_20Hz343.dat,2022-09-17 00:00:00,20220923,20Hz
100hz_Baro_Sensors343.dat,2022-09-17 00:00:00,20220923,Baro
100hz_Baro_Sensors344.dat,2022-09-17 04:00:00,20220923,Baro
20hz_Sensors_20Hz344.dat,2022-09-17 04:00:00,20220923,20Hz
20hz_Sensors_20Hz345.dat,2022-09-17 08:00:00,20220923,20Hz
100hz_Baro_Sensors345.dat,2022-09-17 08:00:00,20220923,Baro
100hz_Baro_Sensors346.dat,2022-09-17 12:00:00,20220923,Baro
20hz_Sensors_20Hz346.dat,2022-09-17 12:00:00,20220923,20Hz
100hz_Baro_Sensors347.dat,2022-09-17 16:00:00,20220923,Baro
20hz_Sensors_20Hz347.dat,2022-09-17 16:00:00,20220923,20Hz
20hz_Sensors_20Hz348.dat,2022-09-17 20:00:00,20220923,20Hz
100hz_Baro_Sensors348.dat,2022-09-17 20:00:00,20220923,Baro
20hz_Sensors_20Hz349.dat,2022-09-18 00:00:00,20220923,20Hz
100hz_Baro_Sensors349.dat,2022-09-18 00:00:00,20220923,Baro
20hz_Sensors_20Hz350.dat,2022-09-18 08:29:54,20220923,20Hz
100hz_Baro_Sensors350.dat,2022-09-18 08:29:54,20220923,Baro
20hz_Sensors_20Hz351.dat,2022-09-18 12:00:00,20220923,20Hz
100hz_Baro_Sensors351.dat,2022-09-18 12:00:00,20220923,Baro
20hz_Sensors_20Hz352.dat,2022-09-18 16:00:00,20220923,20Hz
100hz_Baro_Sensors352.dat,2022-09-18 16:00:00,20220923,Baro
20hz_Sensors_20Hz353.dat,2022-09-18 20:00:00,20220923,20Hz
100hz_Baro_Sensors353.dat,2022-09-18 20:00:00,20220923,Baro
20hz_Sensors_20Hz354.dat,2022-09-19 00:00:00,20220923,20Hz
100hz_Baro_Sensors354.dat,2022-09-19 00:00:00,20220923,Baro
100hz_Baro_Sensors355.dat,2022-09-19 08:19:54,20220923,Baro
20hz_Sensors_20Hz355.dat,2022-09-19 08:19:54,20220923,20Hz
100hz_Baro_Sensors356.dat,2022-09-19 12:00:00,20220923,Baro
20hz_Sensors_20Hz356.dat,2022-09-19 12:00:00,20220923,20Hz
100hz_Baro_Sensors357.dat,2022-09-19 16:00:00,20220923,Baro
20hz_Sensors_20Hz357.dat,2022-09-19 16:00:00,20220923,20Hz
20hz_Sensors_20Hz358.dat,2022-09-19 20:00:00,20220923,20Hz
100hz_Baro_Sensors358.dat,2022-09-19 20:00:00,20220923,Baro
20hz_Sensors_20Hz359.dat,2022-09-20 00:00:00,20220923,20Hz
100hz_Baro_Sensors359.dat,2022-09-20 00:00:00,20220923,Baro
100hz_Baro_Sensors360.dat,2022-09-20 08:50:48,20220923,Baro
20hz_Sensors_20Hz360.dat,2022-09-20 08:50:48,20220923,20Hz
100hz_Baro_Sensors361.dat,2022-09-20 12:00:00,20220923,Baro
20hz_Sensors_20Hz361.dat,2022-09-20 12:00:00,20220923,20Hz
100hz_Baro_Sensors362.dat,2022-09-20 16:00:00,20220923,Baro
20hz_Sensors_20Hz362.dat,2022-09-20 16:00:00,20220923,20Hz
100hz_Baro_Sensors363.dat,2022-09-20 20:00:00,20220923,Baro
20hz_Sensors_20Hz363.dat,2022-09-20 20:00:00,20220923,20Hz
100hz_Baro_Sensors364.dat,2022-09-21 00:00:00,20220923,Baro
20hz_Sensors_20Hz364.dat,2022-09-21 00:00:00,20220923,20Hz
100hz_Baro_Sensors365.dat,2022-09-21 04:00:00,20220923,Baro
20hz_Sensors_20Hz365.dat,2022-09-21 04:00:00,20220923,20Hz
20hz_Sensors_20Hz366.dat,2022-09-21 08:00:00,20220923,20Hz
100hz_Baro_Sensors366.dat,2022-09-21 08:00:00,20220923,Baro
100hz_Baro_Sensors367.dat,2022-09-21 12:00:00,20220923,Baro
20hz_Sensors_20Hz367.dat,2022-09-21 12:00:00,20220923,20Hz
100hz_Baro_Sensors368.dat,2022-09-21 16:00:00,20220923,Baro
20hz_Sensors_20Hz368.dat,2022-09-21 16:00:00,20220923,20Hz
100hz_Baro_Sensors369.dat,2022-09-21 20:00:00,20220923,Baro
20hz_Sensors_20Hz369.dat,2022-09-21 20:00:00,20220923,20Hz
20hz_Sensors_20Hz370.dat,2022-09-22 00:00:00,20220923,20Hz
100hz_Baro_Sensors370.dat,2022-09-22 00:00:00,20220923,Baro
20hz_Sensors_20Hz371.dat,2022-09-22 04:00:00,20220923,20Hz
100hz_Baro_Sensors371.dat,2022-09-22 04:00:00,20220923,Baro
20hz_Sensors_20Hz372.dat,2022-09-22 08:44:48,20220923,20Hz
100hz_Baro_Sensors372.dat,2022-09-22 08:44:48,20220923,Baro
20hz_Sensors_20Hz373.dat,2022-09-22 12:00:00,20220923,20Hz
100hz_Baro_Sensors373.dat,2022-09-22 12:00:00,20220923,Baro
20hz_Sensors_20Hz374.dat,2022-09-22 16:00:00,20220923,20Hz
100hz_Baro_Sensors374.dat,2022-09-22 16:00:00,20220923,Baro
20hz_Sensors_20Hz375.dat,2022-09-22 20:00:00,20220923,20Hz
100hz_Baro_Sensors375.dat,2022-09-22 20:00:00,20220923,Baro
20hz_Sensors_20Hz376.dat,2022-09-23 00:00:00,20220923,20Hz
100hz_Baro_Sensors376.dat,2022-09-23 00:00:00,20220923,Baro
100hz_Baro_Sensors377.dat,2022-09-23 04:00:00,20220923,Baro
20hz_Sensors_20Hz377.dat,2022-09-23 04:00:00,20220923,20Hz
20hz_Sensors_20Hz0.dat,2022-09-23 08:57:44,20221104,20hz
20hz_Sensors_20Hz1.dat,2022-09-23 12:00:00,20221104,20hz
20hz_Sensors_20Hz2.dat,2022-09-23 16:00:00,20221104,20hz
20hz_Sensors_20Hz3.dat,2022-09-23 20:00:00,20221104,20hz
20hz_Sensors_20Hz4.dat,2022-09-24 00:00:00,20221104,20hz
20hz_Sensors_20Hz5.dat,2022-09-24 04:00:00,20221104,20hz
20hz_Sensors_20Hz6.dat,2022-09-24 08:00:00,20221104,20hz
20hz_Sensors_20Hz7.dat,2022-09-24 12:00:00,20221104,20hz
20hz_Sensors_20Hz8.dat,2022-09-24 16:00:00,20221104,20hz
20hz_Sensors_20Hz9.dat,2022-09-24 20:00:00,20221104,20hz
20hz_Sensors_20Hz10.dat,2022-09-25 00:00:00,20221104,20hz
20hz_Sensors_20Hz11.dat,2022-09-25 04:00:00,20221104,20hz
20hz_Sensors_20Hz12.dat,2022-09-25 08:00:00,20221104,20hz
20hz_Sensors_20Hz13.dat,2022-09-25 12:00:00,20221104,20hz
20hz_Sensors_20Hz14.dat,2022-09-25 16:00:00,20221104,20hz
20hz_Sensors_20Hz15.dat,2022-09-25 20:00:00,20221104,20hz
20hz_Sensors_20Hz16.dat,2022-09-26 00:00:00,20221104,20hz
20hz_Sensors_20Hz17.dat,2022-09-26 04:00:00,20221104,20hz
20hz_Sensors_20Hz18.dat,2022-09-26 08:00:00,20221104,20hz
20hz_Sensors_20Hz19.dat,2022-09-26 12:00:00,20221104,20hz
20hz_Sensors_20Hz20.dat,2022-09-26 16:00:00,20221104,20hz
20hz_Sensors_20Hz21.dat,2022-09-26 20:00:00,20221104,20hz
20hz_Sensors_20Hz22.dat,2022-09-27 00:00:00,20221104,20hz
20hz_Sensors_20Hz23.dat,2022-09-27 04:00:00,20221104,20hz
20hz_Sensors_20Hz24.dat,2022-09-27 08:00:00,20221104,20hz
20hz_Sensors_20Hz25.dat,2022-09-27 12:00:00,20221104,20hz
20hz_Sensors_20Hz26.dat,2022-09-27 16:00:00,20221104,20hz
20hz_Sensors_20Hz27.dat,2022-09-27 20:00:00,20221104,20hz
20hz_Sensors_20Hz28.dat,2022-09-28 00:00:00,20221104,20hz
20hz_Sensors_20Hz29.dat,2022-09-28 12:30:54,20221104,20hz
20hz_Sensors_20Hz30.dat,2022-09-28 15:06:54,20221104,20hz
20hz_Sensors_20Hz31.dat,2022-09-29 09:19:26,20221104,20hz
20hz_Sensors_20Hz32.dat,2022-09-29 12:00:00,20221104,20hz
20hz_Sensors_20Hz33.dat,2022-09-29 16:00:00,20221104,20hz
20hz_Sensors_20Hz34.dat,2022-09-29 20:00:00,20221104,20hz
20hz_Sensors_20Hz35.dat,2022-09-30 08:52:42,20221104,20hz
20hz_Sensors_20Hz36.dat,2022-09-30 12:00:00,20221104,20hz
20hz_Sensors_20Hz37.dat,2022-09-30 16:00:00,20221104,20hz
20hz_Sensors_20Hz38.dat,2022-09-30 20:00:00,20221104,20hz
20hz_Sensors_20Hz39.dat,2022-10-01 00:00:00,20221104,20hz
20hz_Sensors_20Hz40.dat,2022-10-01 04:00:00,20221104,20hz
20hz_Sensors_20Hz41.dat,2022-10-01 08:00:00,20221104,20hz
20hz_Sensors_20Hz42.dat,2022-10-01 12:00:00,20221104,20hz
20hz_Sensors_20Hz43.dat,2022-10-01 16:00:00,20221104,20hz
20hz_Sensors_20Hz44.dat,2022-10-01 20:00:00,20221104,20hz
20hz_Sensors_20Hz45.dat,2022-10-02 00:00:00,20221104,20hz
20hz_Sensors_20Hz46.dat,2022-10-02 04:00:00,20221104,20hz
20hz_Sensors_20Hz47.dat,2022-10-02 08:00:00,20221104,20hz
20hz_Sensors_20Hz48.dat,2022-10-02 12:00:00,20221104,20hz
20hz_Sensors_20Hz49.dat,2022-10-02 16:00:00,20221104,20hz
20hz_Sensors_20Hz50.dat,2022-10-02 20:00:00,20221104,20hz
20hz_Sensors_20Hz51.dat,2022-10-03 00:00:00,20221104,20hz
20hz_Sensors_20Hz52.dat,2022-10-03 04:00:00,20221104,20hz
20hz_Sensors_20Hz53.dat,2022-10-03 08:00:00,20221104,20hz
20hz_Sensors_20Hz54.dat,2022-10-03 12:00:00,20221104,20hz
20hz_Sensors_20Hz55.dat,2022-10-03 16:00:00,20221104,20hz
20hz_Sensors_20Hz56.dat,2022-10-03 20:00:00,20221104,20hz
20hz_Sensors_20Hz57.dat,2022-10-04 00:00:00,20221104,20hz
20hz_Sensors_20Hz58.dat,2022-10-04 04:00:00,20221104,20hz
20hz_Sensors_20Hz59.dat,2022-10-04 08:00:00,20221104,20hz
20hz_Sensors_20Hz60.dat,2022-10-04 12:00:00,20221104,20hz
20hz_Sensors_20Hz61.dat,2022-10-04 16:00:00,20221104,20hz
20hz_Sensors_20Hz62.dat,2022-10-04 20:00:00,20221104,20hz
20hz_Sensors_20Hz63.dat,2022-10-05 00:00:00,20221104,20hz
20hz_Sensors_20Hz64.dat,2022-10-05 04:00:00,20221104,20hz
20hz_Sensors_20Hz65.dat,2022-10-05 08:00:00,20221104,20hz
20hz_Sensors_20Hz66.dat,2022-10-05 12:00:00,20221104,20hz
20hz_Sensors_20Hz67.dat,2022-10-05 16:00:00,20221104,20hz
20hz_Sensors_20Hz68.dat,2022-10-05 20:00:00,20221104,20hz
20hz_Sensors_20Hz69.dat,2022-10-06 00:00:00,20221104,20hz
20hz_Sensors_20Hz70.dat,2022-10-06 04:00:00,20221104,20hz
20hz_Sensors_20Hz71.dat,2022-10-06 08:00:00,20221104,20hz
20hz_Sensors_20Hz72.dat,2022-10-06 12:00:00,20221104,20hz
20hz_Sensors_20Hz73.dat,2022-10-06 16:00:00,20221104,20hz
20hz_Sensors_20Hz74.dat,2022-10-06 20:00:00,20221104,20hz
20hz_Sensors_20Hz75.dat,2022-10-07 00:00:00,20221104,20hz
20hz_Sensors_20Hz76.dat,2022-10-07 04:00:00,20221104,20hz
20hz_Sensors_20Hz77.dat,2022-10-07 08:00:00,20221104,20hz
20hz_Sensors_20Hz78.dat,2022-10-07 12:00:00,20221104,20hz
20hz_Sensors_20Hz79.dat,2022-10-07 16:00:00,20221104,20hz
20hz_Sensors_20Hz80.dat,2022-10-07 20:00:00,20221104,20hz
20hz_Sensors_20Hz81.dat,2022-10-08 00:00:00,20221104,20hz
20hz_Sensors_20Hz82.dat,2022-10-08 04:00:00,20221104,20hz
20hz_Sensors_20Hz83.dat,2022-10-08 08:00:00,20221104,20hz
20hz_Sensors_20Hz84.dat,2022-10-08 12:00:00,20221104,20hz
20hz_Sensors_20Hz85.dat,2022-10-08 16:00:00,20221104,20hz
20hz_Sensors_20Hz86.dat,2022-10-08 20:00:00,20221104,20hz
20hz_Sensors_20Hz87.dat,2022-10-09 00:00:00,20221104,20hz
20hz_Sensors_20Hz88.dat,2022-10-09 04:00:00,20221104,20hz
20hz_Sensors_20Hz89.dat,2022-10-09 08:00:00,20221104,20hz
20hz_Sensors_20Hz90.dat,2022-10-09 12:00:00,20221104,20hz
20hz_Sensors_20Hz91.dat,2022-10-09 16:00:00,20221104,20hz
20hz_Sensors_20Hz92.dat,2022-10-09 20:00:00,20221104,20hz
20hz_Sensors_20Hz93.dat,2022-10-10 00:00:00,20221104,20hz
20hz_Sensors_20Hz94.dat,2022-10-10 04:00:00,20221104,20hz
20hz_Sensors_20Hz95.dat,2022-10-10 08:00:00,20221104,20hz
20hz_Sensors_20Hz96.dat,2022-10-10 12:00:00,20221104,20hz
20hz_Sensors_20Hz97.dat,2022-10-10 16:00:00,20221104,20hz
20hz_Sensors_20Hz98.dat,2022-10-10 20:00:00,20221104,20hz
20hz_Sensors_20Hz99.dat,2022-10-11 00:00:00,20221104,20hz
20hz_Sensors_20Hz100.dat,2022-10-11 04:00:00,20221104,20hz
20hz_Sensors_20Hz101.dat,2022-10-11 08:00:00,20221104,20hz
20hz_Sensors_20Hz102.dat,2022-10-11 12:00:00,20221104,20hz
20hz_Sensors_20Hz103.dat,2022-10-12 08:37:40,20221104,20hz
20hz_Sensors_20Hz104.dat,2022-10-12 11:09:26,20221104,20hz
20hz_Sensors_20Hz105.dat,2022-10-12 12:00:00,20221104,20hz
20hz_Sensors_20Hz106.dat,2022-10-12 16:00:00,20221104,20hz
20hz_Sensors_20Hz107.dat,2022-10-12 20:00:00,20221104,20hz
20hz_Sensors_20Hz108.dat,2022-10-13 08:45:20,20221104,20hz
20hz_Sensors_20Hz109.dat,2022-10-13 12:00:00,20221104,20hz
20hz_Sensors_20Hz110.dat,2022-10-13 16:00:00,20221104,20hz
20hz_Sensors_20Hz111.dat,2022-10-13 20:00:00,20221104,20hz
20hz_Sensors_20Hz112.dat,2022-10-14 08:36:38,20221104,20hz
20hz_Sensors_20Hz113.dat,2022-10-14 12:00:00,20221104,20hz
20hz_Sensors_20Hz114.dat,2022-10-14 16:00:00,20221104,20hz
20hz_Sensors_20Hz115.dat,2022-10-14 20:00:00,20221104,20hz
20hz_Sensors_20Hz116.dat,2022-10-15 00:00:00,20221104,20hz
20hz_Sensors_20Hz117.dat,2022-10-15 04:00:00,20221104,20hz
20hz_Sensors_20Hz118.dat,2022-10-15 08:37:14,20221104,20hz
20hz_Sensors_20Hz119.dat,2022-10-15 12:00:00,20221104,20hz
20hz_Sensors_20Hz120.dat,2022-10-15 16:00:00,20221104,20hz
20hz_Sensors_20Hz121.dat,2022-10-15 20:00:00,20221104,20hz
20hz_Sensors_20Hz122.dat,2022-10-16 00:00:00,20221104,20hz
20hz_Sensors_20Hz123.dat,2022-10-16 04:00:00,20221104,20hz
20hz_Sensors_20Hz124.dat,2022-10-16 08:35:10,20221104,20hz
20hz_Sensors_20Hz125.dat,2022-10-16 12:00:00,20221104,20hz
20hz_Sensors_20Hz126.dat,2022-10-16 16:00:00,20221104,20hz
20hz_Sensors_20Hz127.dat,2022-10-16 20:00:00,20221104,20hz
20hz_Sensors_20Hz128.dat,2022-10-18 08:39:52,20221104,20hz
20hz_Sensors_20Hz129.dat,2022-10-19 16:18:32,20221104,20hz
20hz_Sensors_20Hz130.dat,2022-10-21 08:22:08,20221104,20hz
20hz_Sensors_20Hz131.dat,2022-10-21 12:00:00,20221104,20hz
20hz_Sensors_20Hz132.dat,2022-10-21 16:00:00,20221104,20hz
20hz_Sensors_20Hz133.dat,2022-10-21 20:00:00,20221104,20hz
20hz_Sensors_20Hz134.dat,2022-10-22 00:00:00,20221104,20hz
20hz_Sensors_20Hz135.dat,2022-10-22 04:00:00,20221104,20hz
20hz_Sensors_20Hz136.dat,2022-10-22 08:43:02,20221104,20hz
20hz_Sensors_20Hz137.dat,2022-10-22 12:00:00,20221104,20hz
20hz_Sensors_20Hz138.dat,2022-10-22 16:00:00,20221104,20hz
20hz_Sensors_20Hz139.dat,2022-10-22 20:00:00,20221104,20hz
20hz_Sensors_20Hz140.dat,2022-10-23 00:00:00,20221104,20hz
20hz_Sensors_20Hz141.dat,2022-10-23 04:00:00,20221104,20hz
20hz_Sensors_20Hz142.dat,2022-10-23 08:38:48,20221104,20hz
20hz_Sensors_20Hz143.dat,2022-10-23 12:00:00,20221104,20hz
20hz_Sensors_20Hz144.dat,2022-10-23 16:00:00,20221104,20hz
20hz_Sensors_20Hz145.dat,2022-10-23 20:00:00,20221104,20hz
20hz_Sensors_20Hz146.dat,2022-10-24 00:00:00,20221104,20hz
20hz_Sensors_20Hz147.dat,2022-10-24 04:00:00,20221104,20hz
20hz_Sensors_20Hz148.dat,2022-10-24 08:42:00,20221104,20hz
20hz_Sensors_20Hz149.dat,2022-10-24 12:00:00,20221104,20hz
20hz_Sensors_20Hz150.dat,2022-10-24 16:00:00,20221104,20hz
20hz_Sensors_20Hz151.dat,2022-10-24 20:00:00,20221104,20hz
20hz_Sensors_20Hz152.dat,2022-10-25 00:00:00,20221104,20hz
20hz_Sensors_20Hz153.dat,2022-10-25 04:00:00,20221104,20hz
20hz_Sensors_20Hz154.dat,2022-10-25 08:42:42,20221104,20hz
20hz_Sensors_20Hz155.dat,2022-10-25 12:00:00,20221104,20hz
20hz_Sensors_20Hz156.dat,2022-10-25 16:00:00,20221104,20hz
20hz_Sensors_20Hz157.dat,2022-10-25 20:00:00,20221104,20hz
20hz_Sensors_20Hz158.dat,2022-10-26 00:00:00,20221104,20hz
20hz_Sensors_20Hz159.dat,2022-10-26 04:00:00,20221104,20hz
20hz_Sensors_20Hz160.dat,2022-10-26 08:44:40,20221104,20hz
20hz_Sensors_20Hz161.dat,2022-10-26 12:00:00,20221104,20hz
20hz_Sensors_20Hz162.dat,2022-10-26 16:00:00,20221104,20hz
20hz_Sensors_20Hz163.dat,2022-10-26 20:00:00,20221104,20hz
20hz_Sensors_20Hz164.dat,2022-10-27 00:00:00,20221104,20hz
20hz_Sensors_20Hz165.dat,2022-10-27 04:00:00,20221104,20hz
20hz_Sensors_20Hz166.dat,2022-10-27 08:44:48,20221104,20hz
20hz_Sensors_20Hz167.dat,2022-10-27 12:00:00,20221104,20hz
20hz_Sensors_20Hz168.dat,2022-10-27 16:00:00,20221104,20hz
20hz_Sensors_20Hz169.dat,2022-10-27 20:00:00,20221104,20hz
20hz_Sensors_20Hz170.dat,2022-10-28 00:00:00,20221104,20hz
20hz_Sensors_20Hz171.dat,2022-10-28 04:00:00,20221104,20hz
20hz_Sensors_20Hz172.dat,2022-10-28 09:58:44,20221104,20hz
20hz_Sensors_20Hz173.dat,2022-10-28 12:00:00,20221104,20hz
20hz_Sensors_20Hz174.dat,2022-10-28 16:00:00,20221104,20hz
20hz_Sensors_20Hz175.dat,2022-10-28 20:00:00,20221104,20hz
20hz_Sensors_20Hz176.dat,2022-10-29 00:00:00,20221104,20hz
20hz_Sensors_20Hz177.dat,2022-10-30 11:44:58,20221104,20hz
20hz_Sensors_20Hz178.dat,2022-10-30 12:00:00,20221104,20hz
20hz_Sensors_20Hz179.dat,2022-10-31 08:33:42,20221104,20hz
20hz_Sensors_20Hz180.dat,2022-10-31 09:45:04,20221104,20hz
20hz_Sensors_20Hz181.dat,2022-10-31 12:00:00,20221104,20hz
20hz_Sensors_20Hz182.dat,2022-10-31 16:00:00,20221104,20hz
20hz_Sensors_20Hz183.dat,2022-10-31 20:00:00,20221104,20hz
20hz_Sensors_20Hz184.dat,2022-11-01 00:00:00,20221104,20hz
20hz_Sensors_20Hz185.dat,2022-11-01 04:00:00,20221104,20hz
20hz_Sensors_20Hz186.dat,2022-11-01 08:51:38,20221104,20hz
20hz_Sensors_20Hz187.dat,2022-11-01 12:00:00,20221104,20hz
20hz_Sensors_20Hz188.dat,2022-11-01 16:00:00,20221104,20hz
20hz_Sensors_20Hz189.dat,2022-11-01 20:00:00,20221104,20hz
20hz_Sensors_20Hz190.dat,2022-11-02 00:00:00,20221104,20hz
20hz_Sensors_20Hz191.dat,2022-11-02 08:47:58,20221104,20hz
20hz_Sensors_20Hz192.dat,2022-11-02 12:00:00,20221104,20hz
20hz_Sensors_20Hz193.dat,2022-11-02 16:00:00,20221104,20hz
20hz_Sensors_20Hz194.dat,2022-11-02 20:00:00,20221104,20hz
20hz_Sensors_20Hz195.dat,2022-11-03 00:00:00,20221104,20hz
20hz_Sensors_20Hz196.dat,2022-11-03 04:00:00,20221104,20hz
20hz_Sensors_20Hz197.dat,2022-11-03 08:57:14,20221104,20hz
20hz_Sensors_20Hz198.dat,2022-11-03 12:00:00,20221104,20hz
20hz_Sensors_20Hz199.dat,2022-11-03 16:00:00,20221104,20hz
20hz_Sensors_20Hz200.dat,2022-11-03 20:00:00,20221104,20hz
20hz_Sensors_20Hz201.dat,2022-11-04 00:00:00,20221104,20hz
20hz_Sensors_20Hz202.dat,2022-11-04 04:00:00,20221104,20hz
20hz_Sensors_20Hz0.dat,2022-11-04 10:00:38,20221202,20hz
20hz_Sensors_20Hz1.dat,2022-11-04 12:00:00,20221202,20hz
20hz_Sensors_20Hz2.dat,2022-11-04 16:00:00,20221202,20hz
20hz_Sensors_20Hz3.dat,2022-11-04 20:00:00,20221202,20hz
20hz_Sensors_20Hz4.dat,2022-11-05 00:00:00,20221202,20hz
20hz_Sensors_20Hz5.dat,2022-11-05 04:00:00,20221202,20hz
20hz_Sensors_20Hz6.dat,2022-11-05 08:00:00,20221202,20hz
20hz_Sensors_20Hz7.dat,2022-11-05 12:00:00,20221202,20hz
20hz_Sensors_20Hz8.dat,2022-11-05 16:00:00,20221202,20hz
20hz_Sensors_20Hz9.dat,2022-11-05 20:00:00,20221202,20hz
20hz_Sensors_20Hz10.dat,2022-11-06 00:00:00,20221202,20hz
20hz_Sensors_20Hz11.dat,2022-11-06 04:00:00,20221202,20hz
20hz_Sensors_20Hz12.dat,2022-11-06 08:00:00,20221202,20hz
20hz_Sensors_20Hz13.dat,2022-11-06 12:00:00,20221202,20hz
20hz_Sensors_20Hz14.dat,2022-11-06 16:00:00,20221202,20hz
20hz_Sensors_20Hz15.dat,2022-11-06 20:00:00,20221202,20hz
20hz_Sensors_20Hz16.dat,2022-11-07 00:00:00,20221202,20hz
20hz_Sensors_20Hz17.dat,2022-11-07 04:00:00,20221202,20hz
20hz_Sensors_20Hz18.dat,2022-11-07 08:00:00,20221202,20hz
20hz_Sensors_20Hz19.dat,2022-11-07 12:00:00,20221202,20hz
20hz_Sensors_20Hz20.dat,2022-11-07 16:00:00,20221202,20hz
20hz_Sensors_20Hz21.dat,2022-11-07 20:00:00,20221202,20hz
20hz_Sensors_20Hz22.dat,2022-11-08 00:00:00,20221202,20hz
20hz_Sensors_20Hz23.dat,2022-11-08 04:00:00,20221202,20hz
20hz_Sensors_20Hz24.dat,2022-11-08 08:00:00,20221202,20hz
20hz_Sensors_20Hz25.dat,2022-11-08 12:00:00,20221202,20hz
20hz_Sensors_20Hz26.dat,2022-11-08 16:00:00,20221202,20hz
20hz_Sensors_20Hz27.dat,2022-11-08 20:00:00,20221202,20hz
20hz_Sensors_20Hz28.dat,2022-11-09 00:00:00,20221202,20hz
20hz_Sensors_20Hz29.dat,2022-11-09 04:00:00,20221202,20hz
20hz_Sensors_20Hz30.dat,2022-11-09 08:00:00,20221202,20hz
20hz_Sensors_20Hz31.dat,2022-11-09 12:00:00,20221202,20hz
20hz_Sensors_20Hz32.dat,2022-11-09 16:00:00,20221202,20hz
20hz_Sensors_20Hz33.dat,2022-11-09 20:00:00,20221202,20hz
20hz_Sensors_20Hz34.dat,2022-11-10 00:00:00,20221202,20hz
20hz_Sensors_20Hz35.dat,2022-11-10 04:00:00,20221202,20hz
20hz_Sensors_20Hz36.dat,2022-11-10 08:00:00,20221202,20hz
20hz_Sensors_20Hz37.dat,2022-11-10 12:00:00,20221202,20hz
20hz_Sensors_20Hz38.dat,2022-11-10 16:00:00,20221202,20hz
20hz_Sensors_20Hz39.dat,2022-11-10 20:00:00,20221202,20hz
20hz_Sensors_20Hz40.dat,2022-11-11 00:00:00,20221202,20hz
20hz_Sensors_20Hz41.dat,2022-11-11 09:12:16,20221202,20hz
20hz_Sensors_20Hz42.dat,2022-11-11 12:00:00,20221202,20hz
20hz_Sensors_20Hz43.dat,2022-11-11 16:00:00,20221202,20hz
20hz_Sensors_20Hz44.dat,2022-11-11 20:00:00,20221202,20hz
20hz_Sensors_20Hz45.dat,2022-11-12 00:00:00,20221202,20hz
20hz_Sensors_20Hz46.dat,2022-11-13 08:52:58,20221202,20hz
20hz_Sensors_20Hz47.dat,2022-11-13 12:00:00,20221202,20hz
20hz_Sensors_20Hz48.dat,2022-11-14 09:13:18,20221202,20hz
20hz_Sensors_20Hz49.dat,2022-11-14 12:00:00,20221202,20hz
20hz_Sensors_20Hz50.dat,2022-11-14 16:00:00,20221202,20hz
20hz_Sensors_20Hz51.dat,2022-11-14 20:00:00,20221202,20hz
20hz_Sensors_20Hz52.dat,2022-11-15 00:00:00,20221202,20hz
20hz_Sensors_20Hz53.dat,2022-11-15 04:00:00,20221202,20hz
20hz_Sensors_20Hz54.dat,2022-11-15 09:16:02,20221202,20hz
20hz_Sensors_20Hz55.dat,2022-11-15 12:00:00,20221202,20hz
20hz_Sensors_20Hz56.dat,2022-11-15 16:00:00,20221202,20hz
20hz_Sensors_20Hz57.dat,2022-11-15 20:00:00,20221202,20hz
20hz_Sensors_20Hz58.dat,2022-11-16 09:14:54,20221202,20hz
20hz_Sensors_20Hz59.dat,2022-11-16 12:00:00,20221202,20hz
20hz_Sensors_20Hz60.dat,2022-11-16 16:00:00,20221202,20hz
20hz_Sensors_20Hz61.dat,2022-11-16 20:00:00,20221202,20hz
20hz_Sensors_20Hz62.dat,2022-11-17 09:17:30,20221202,20hz
20hz_Sensors_20Hz63.dat,2022-11-17 12:00:00,20221202,20hz
20hz_Sensors_20Hz64.dat,2022-11-17 16:00:00,20221202,20hz
20hz_Sensors_20Hz65.dat,2022-11-17 20:00:00,20221202,20hz
20hz_Sensors_20Hz66.dat,2022-11-18 00:00:00,20221202,20hz
20hz_Sensors_20Hz67.dat,2022-11-18 09:33:54,20221202,20hz
20hz_Sensors_20Hz68.dat,2022-11-18 12:00:00,20221202,20hz
20hz_Sensors_20Hz69.dat,2022-11-18 16:00:00,20221202,20hz
20hz_Sensors_20Hz70.dat,2022-11-18 20:00:00,20221202,20hz
20hz_Sensors_20Hz71.dat,2022-11-19 00:00:00,20221202,20hz
20hz_Sensors_20Hz72.dat,2022-11-19 09:39:52,20221202,20hz
20hz_Sensors_20Hz73.dat,2022-11-19 12:00:00,20221202,20hz
20hz_Sensors_20Hz74.dat,2022-11-19 16:00:00,20221202,20hz
20hz_Sensors_20Hz75.dat,2022-11-19 20:00:00,20221202,20hz
20hz_Sensors_20Hz76.dat,2022-11-20 00:00:00,20221202,20hz
20hz_Sensors_20Hz77.dat,2022-11-20 10:11:38,20221202,20hz
20hz_Sensors_20Hz78.dat,2022-11-20 12:00:00,20221202,20hz
20hz_Sensors_20Hz79.dat,2022-11-21 09:54:08,20221202,20hz
20hz_Sensors_20Hz80.dat,2022-11-21 12:00:00,20221202,20hz
20hz_Sensors_20Hz81.dat,2022-11-21 16:57:20,20221202,20hz
20hz_Sensors_20Hz82.dat,2022-11-22 11:12:18,20221202,20hz
20hz_Sensors_20Hz83.dat,2022-11-22 12:00:00,20221202,20hz
20hz_Sensors_20Hz84.dat,2022-11-22 15:04:14,20221202,20hz
20hz_Sensors_20Hz85.dat,2022-11-22 16:00:00,20221202,20hz
20hz_Sensors_20Hz86.dat,2022-11-23 10:21:00,20221202,20hz
20hz_Sensors_20Hz87.dat,2022-11-23 12:00:00,20221202,20hz
20hz_Sensors_20Hz88.dat,2022-11-23 16:00:00,20221202,20hz
20hz_Sensors_20Hz89.dat,2022-11-24 09:39:54,20221202,20hz
20hz_Sensors_20Hz90.dat,2022-11-24 12:00:00,20221202,20hz
20hz_Sensors_20Hz91.dat,2022-11-24 16:00:00,20221202,20hz
20hz_Sensors_20Hz92.dat,2022-11-25 09:24:00,20221202,20hz
20hz_Sensors_20Hz93.dat,2022-11-25 12:00:00,20221202,20hz
20hz_Sensors_20Hz94.dat,2022-11-25 16:00:00,20221202,20hz
20hz_Sensors_20Hz95.dat,2022-11-25 20:00:00,20221202,20hz
20hz_Sensors_20Hz96.dat,2022-11-26 09:30:16,20221202,20hz
20hz_Sensors_20Hz97.dat,2022-11-26 12:00:00,20221202,20hz
20hz_Sensors_20Hz98.dat,2022-11-26 16:00:00,20221202,20hz
20hz_Sensors_20Hz99.dat,2022-11-26 20:00:00,20221202,20hz
20hz_Sensors_20Hz100.dat,2022-11-27 00:00:00,20221202,20hz
20hz_Sensors_20Hz101.dat,2022-11-27 09:41:58,20221202,20hz
20hz_Sensors_20Hz102.dat,2022-11-27 12:00:00,20221202,20hz
20hz_Sensors_20Hz103.dat,2022-11-27 16:00:00,20221202,20hz
20hz_Sensors_20Hz104.dat,2022-11-27 20:00:00,20221202,20hz
20hz_Sensors_20Hz105.dat,2022-11-28 10:31:52,20221202,20hz
20hz_Sensors_20Hz106.dat,2022-11-28 12:00:00,20221202,20hz
20hz_Sensors_20Hz107.dat,2022-11-28 16:00:00,20221202,20hz
20hz_Sensors_20Hz108.dat,2022-11-28 20:00:00,20221202,20hz
20hz_Sensors_20Hz109.dat,2022-11-29 09:27:02,20221202,20hz
20hz_Sensors_20Hz110.dat,2022-11-29 12:00:00,20221202,20hz
20hz_Sensors_20Hz111.dat,2022-11-29 16:00:00,20221202,20hz
20hz_Sensors_20Hz112.dat,2022-11-29 20:00:00,20221202,20hz
20hz_Sensors_20Hz113.dat,2022-11-30 00:00:00,20221202,20hz
20hz_Sensors_20Hz114.dat,2022-11-30 09:25:58,20221202,20hz
20hz_Sensors_20Hz115.dat,2022-11-30 12:00:00,20221202,20hz
20hz_Sensors_20Hz116.dat,2022-11-30 16:00:00,20221202,20hz
20hz_Sensors_20Hz117.dat,2022-11-30 20:00:00,20221202,20hz
20hz_Sensors_20Hz118.dat,2022-12-01 09:34:00,20221202,20hz
20hz_Sensors_20Hz119.dat,2022-12-01 12:00:00,20221202,20hz
20hz_Sensors_20Hz120.dat,2022-12-01 16:00:00,20221202,20hz
20hz_Sensors_20Hz121.dat,2022-12-01 20:00:00,20221202,20hz
20hz_Sensors_20Hz122.dat,2022-12-02 00:00:00,20221202,20hz
20hz_Sensors_20Hz123.dat,2022-12-02 08:24:10,20221202,20hz
100hz_Sensors_100Hz0.dat,,20220826,100hz
20hz_Sensors.DynamicFreq.dat,,20220826,20hz
20hz_Sensors.OneSecData.dat,,20220826,20hz
100hz_Baro_Sensors.Test.dat,,20220826,Baro
20hz_Sensors.DynamicFreq.dat,,20221202,20hz
100hz_Baro_Sensors.Test.dat,,20221202,Baro
