,date,A-Z,B-E,B-Z,B-N,A-N,A-E,current(A),inputvoltage(V),latitude,longitude,elevation(m),voltage(V),clockquality%,clockerror(s),numsatellites,antennastatus,status,locking,buffer%,temperature(C)
0,2022-04-01 19:01:00+00:00,1.47606,1.14556,1.13616,1.11672,1.48637,1.48552,0.14844,13.12617,-80.60087,28.60548,-13.0,9.36702,90.33445,3e-05,8.25753,0.0,0.19064,2.8796,4.74068,40.79349
1,2022-04-02 00:00:00+00:00,1.79433,1.14569,1.13616,1.11672,1.78596,1.78556,0.14896,12.78535,-80.60087,28.60548,-13.0,9.39522,90.15278,8e-05,8.3875,0.0,0.17292,2.88194,5.65104,36.23983
2,2022-04-03 00:00:00+00:00,1.84395,1.14576,1.13616,1.11672,1.83505,1.83503,0.14751,12.83191,-80.60087,28.60548,-13.0,9.39636,90.13889,0.0001,9.19444,0.0,0.14653,2.89722,7.24062,34.29948
3,2022-04-04 00:00:00+00:00,1.83542,1.14556,1.13616,1.11672,1.82618,1.8267,0.14756,12.88024,-80.60087,28.60548,-13.0,9.36689,90.15278,7e-05,9.075,0.0,0.16042,2.89306,8.75521,35.11665
4,2022-04-05 00:00:00+00:00,1.80301,1.14558,1.13616,1.11672,1.79449,1.79427,0.14777,12.8752,-80.60087,28.60548,-13.0,9.37913,90.16667,7e-05,9.22083,0.0,0.16181,2.89167,10.32222,37.1047
5,2022-04-06 00:00:00+00:00,1.79068,1.14555,1.13616,1.11672,1.7822,1.78189,0.14805,12.87346,-80.60087,28.60548,-13.0,9.37099,90.13194,6e-05,9.22847,0.0,0.15208,2.89514,11.94306,38.68802
6,2022-04-07 00:00:00+00:00,1.79085,1.14582,1.13616,1.11672,1.78237,1.78226,0.14776,12.8178,-80.60087,28.60548,-13.0,9.39814,90.06944,7e-05,9.28889,0.0,0.13611,2.90556,13.55868,35.92521
7,2022-04-08 00:00:00+00:00,1.84264,1.14583,1.13616,1.11672,1.8342,1.8344,0.14642,12.92118,-80.60087,28.60548,-13.0,9.38991,90.08333,7e-05,9.08542,0.0,0.14514,2.89861,15.22604,33.73186
8,2022-04-09 00:00:00+00:00,1.88497,1.14585,1.13641,1.11672,1.8764,1.87706,0.1461,12.95842,-80.60087,28.60548,-13.0,9.37564,90.17361,8e-05,9.25139,0.0,0.16597,2.88681,16.89375,31.4178
9,2022-04-10 00:00:00+00:00,1.88784,1.14558,1.13901,1.11672,1.87961,1.87942,0.1466,12.91848,-80.60087,28.60548,-13.0,9.33264,90.15972,7e-05,8.16597,0.0,0.16736,2.88542,18.58576,32.11848
10,2022-04-11 00:00:00+00:00,1.85479,1.1456,1.13772,1.11672,1.84564,1.84624,0.14758,12.86741,-80.60087,28.60548,-13.0,9.32488,90.18056,0.0001,8.50139,0.0,0.17778,2.87778,20.09757,34.82108
11,2022-04-12 00:00:00+00:00,1.82358,1.14564,1.13616,1.11672,1.81451,1.81436,0.14788,12.85683,-80.60087,28.60548,-13.0,9.3442,90.13194,8e-05,8.85694,0.0,0.15694,2.89097,21.62222,37.22917
12,2022-04-13 00:00:00+00:00,0.67439,1.14571,1.13616,1.11672,0.65765,0.65537,0.14873,12.85254,-80.60087,28.60548,-13.0,9.34437,90.13194,7e-05,8.71111,0.0,0.16597,2.88819,23.18681,37.65947
13,2022-04-14 00:00:00+00:00,-0.87068,1.14579,1.13616,1.11672,-0.89305,-0.89794,0.1491,12.82781,-80.60087,28.60548,-13.0,9.32475,90.21528,8e-05,8.44931,0.0,0.17778,2.88264,24.72708,39.73132
14,2022-04-15 00:00:00+00:00,-1.39795,1.14567,1.13616,1.11672,-1.42353,-1.42902,0.14848,12.83387,-80.60087,28.60548,-13.0,9.34267,90.13889,0.00011,8.25764,0.0,0.16528,2.88472,26.28229,38.31103
15,2022-04-16 00:00:00+00:00,-1.41038,1.14569,1.13616,1.11672,-1.43774,-1.44335,0.14861,12.79553,-80.60087,28.60548,-13.0,9.32779,90.13194,7e-05,8.56806,0.0,0.15556,2.89236,27.79965,38.82253
16,2022-04-17 00:00:00+00:00,-1.47074,1.1458,1.13616,1.11672,-1.49621,-1.50262,0.14873,12.81961,-80.60087,28.60548,-13.0,9.32485,90.15278,6e-05,8.53194,0.0,0.16667,2.8875,29.30174,39.49766
17,2022-04-18 00:00:00+00:00,-1.49655,1.14576,1.13616,1.11672,-1.52208,-1.52785,0.14895,12.82782,-80.60087,28.60548,-13.0,9.3203,90.16667,7e-05,9.15278,0.0,0.16181,2.88889,30.83889,40.16078
18,2022-04-19 00:00:00+00:00,-1.46496,1.14575,1.13616,1.11672,-1.49034,-1.49545,0.14758,12.90276,-80.60087,28.60548,-13.0,9.34206,90.125,6e-05,8.73819,0.0,0.15625,2.89722,32.45347,37.08376
19,2022-04-20 00:00:00+00:00,-1.41125,1.14585,1.13616,1.11672,-1.43567,-1.44147,0.14732,12.88993,-80.60087,28.60548,-13.0,9.34154,90.16667,5e-05,8.46042,0.0,0.16597,2.89028,34.1625,34.22744
20,2022-04-21 00:00:00+00:00,-1.53248,1.14579,1.13616,1.11672,-1.55855,-1.56408,0.14843,12.85474,-80.60087,28.60548,-13.0,9.34362,90.10417,8e-05,8.30556,0.0,0.14861,2.89375,35.9684,35.97189
21,2022-04-22 00:00:00+00:00,-1.59976,1.14573,1.13616,1.11672,-1.62635,-1.63171,0.14761,12.85246,-80.60087,28.60548,-13.0,9.34037,90.10417,0.00011,8.74028,0.0,0.15556,2.88958,37.76389,36.13623
22,2022-04-23 00:00:00+00:00,-1.59411,1.14573,1.13616,1.11672,-1.61993,-1.62639,0.14768,12.85715,-80.60087,28.60548,-13.0,9.32596,90.11111,7e-05,8.84653,0.0,0.14444,2.90417,39.47257,37.18568
23,2022-04-24 00:00:00+00:00,-1.66694,1.14569,1.13616,1.11672,-1.69392,-1.70078,0.14852,12.84309,-80.60087,28.60548,-13.0,9.31035,90.11111,7e-05,8.90347,0.0,0.15833,2.88889,41.08681,39.14365
24,2022-04-25 00:00:00+00:00,-1.73306,1.14581,1.13616,1.11672,-1.76024,-1.76713,0.1489,12.80543,-80.60087,28.60548,-13.0,9.29323,90.11111,7e-05,8.76806,0.0,0.15486,2.89028,42.65174,40.71151
25,2022-04-26 00:00:00+00:00,-1.72871,1.14579,1.13616,1.11672,-1.75564,-1.76203,0.14842,12.85004,-80.60087,28.60548,-13.0,9.29487,90.15278,8e-05,8.66319,0.0,0.17153,2.88333,44.19653,39.37423
26,2022-04-27 00:00:00+00:00,-1.77335,1.1458,1.13617,1.11672,-1.7999,-1.80644,0.14906,12.86025,-80.60087,28.60548,-13.0,9.28487,90.22222,8e-05,8.92292,0.0,0.18403,2.87778,45.72361,40.2497
27,2022-04-28 00:00:00+00:00,-1.71137,1.14589,1.13616,1.11672,-1.738,-1.74482,0.14746,12.88215,-80.60087,28.60548,-13.0,9.31899,90.19444,0.0001,9.10972,0.0,0.15903,2.89167,47.27604,36.42882
28,2022-04-29 00:00:00+00:00,-1.64266,1.14578,1.13616,1.11672,-1.66941,-1.67545,0.14761,12.8695,-80.60087,28.60548,-13.0,9.30675,90.13194,8e-05,8.72569,0.0,0.15347,2.89514,49.01146,36.98202
29,2022-04-30 00:00:00+00:00,-1.67315,1.14585,1.13616,1.11672,-1.69971,-1.706,0.14818,12.83624,-80.60087,28.60548,-13.0,9.2947,90.11806,5e-05,7.97361,0.0,0.14653,2.90208,50.6691,38.65919
30,2022-05-01 00:00:00+00:00,-1.72799,1.14587,1.13616,1.11672,-1.75456,-1.76082,0.14864,12.84104,-80.60087,28.60548,-13.0,9.28003,90.17361,6e-05,7.93403,0.0,0.16667,2.89236,52.21042,40.32094
31,2022-05-02 00:00:00+00:00,-1.75909,1.14586,1.13616,1.11672,-1.7853,-1.79178,0.14837,12.85448,-80.60087,28.60548,-13.0,9.27862,90.125,5e-05,8.24722,0.0,0.15694,2.89444,53.71458,40.13222
32,2022-05-03 00:00:00+00:00,-1.78319,1.14583,1.13616,1.11672,-1.81042,-1.8172,0.14805,12.86425,-80.60087,28.60548,-13.0,9.28608,90.11111,6e-05,8.60833,0.0,0.15069,2.89861,55.23472,39.38912
33,2022-05-04 00:00:00+00:00,-1.81074,1.14582,1.13616,1.11672,-1.83802,-1.84467,0.14886,12.84275,-80.60087,28.60548,-13.0,9.26743,90.1875,8e-05,8.61667,0.0,0.17569,2.88125,56.74792,40.84639
34,2022-05-05 00:00:00+00:00,-1.82274,1.14586,1.13668,1.11672,-1.84977,-1.85709,0.1493,12.82979,-80.60087,28.60548,-13.0,9.25802,90.17361,6e-05,8.70139,0.0,0.17917,2.88125,58.26632,42.05841
35,2022-05-06 00:00:00+00:00,-1.87326,1.14587,1.13616,1.11672,-1.90039,-1.90831,0.14929,12.81391,-80.60087,28.60548,-13.0,9.25278,90.125,8e-05,8.36319,0.0,0.16111,2.88889,59.80764,42.49801
36,2022-05-07 00:00:00+00:00,-1.88743,1.14586,1.13616,1.11672,-1.91438,-1.92181,0.14891,12.84203,-80.60087,28.60548,-13.0,9.25524,90.14583,7e-05,8.40556,0.0,0.16111,2.88958,61.37743,41.99092
37,2022-05-08 00:00:00+00:00,-1.89201,1.14583,1.13618,1.11672,-1.9192,-1.92611,0.1493,12.82463,-80.60087,28.60548,-13.0,9.256,90.15278,8e-05,7.45486,0.0,0.17431,2.88333,62.96597,41.25949
38,2022-05-09 00:00:00+00:00,-1.86689,1.14583,1.13616,1.11672,-1.89348,-1.90066,0.14847,12.88714,-80.54489,28.60548,-13.0,9.27186,90.17361,7e-05,7.29583,0.0,0.16528,2.89097,64.53229,39.28645
39,2022-05-10 00:00:00+00:00,-1.79406,1.14582,1.13616,1.11672,-1.82065,-1.82729,0.14825,12.86465,-80.60087,28.60548,-13.0,9.27569,90.14583,7e-05,7.30417,0.0,0.16736,2.88681,66.22951,37.64502
40,2022-05-11 00:00:00+00:00,-1.80719,1.14583,1.13616,1.11672,-1.83365,-1.84034,0.14823,12.84144,-80.60087,28.60548,-13.0,9.2773,90.13889,0.0001,7.54306,0.0,0.16111,2.88611,67.94236,37.49297
41,2022-05-12 00:00:00+00:00,-1.82006,1.14575,1.13616,1.11672,-1.84737,-1.85413,0.14834,12.84647,-80.60087,28.60548,-13.0,9.27347,90.15278,8e-05,7.93056,0.0,0.16597,2.89028,69.69028,37.6513
42,2022-05-13 00:00:00+00:00,-1.83333,1.14583,1.13616,1.11672,-1.85951,-1.86596,0.14791,12.8831,-80.60087,28.60548,-13.0,9.26554,90.20833,5e-05,8.04722,0.0,0.18125,2.87917,71.26389,37.77247
43,2022-05-14 00:00:00+00:00,-1.89763,1.14587,1.13616,1.11672,-1.92517,-1.93223,0.14861,12.8304,-80.60087,28.60548,-13.0,9.2449,90.15972,8e-05,8.13194,0.0,0.16667,2.88958,72.75556,40.30896
44,2022-05-15 00:00:00+00:00,-1.93889,1.14585,1.13616,1.11672,-1.96674,-1.97442,0.14968,12.78468,-80.60087,28.60548,-13.0,9.2396,90.21528,8e-05,6.87431,0.0,0.17708,2.88125,74.21181,41.27465
45,2022-05-16 00:00:00+00:00,-1.95253,1.14586,1.13672,1.11672,-1.97981,-1.98749,0.14973,12.80966,-80.60087,28.60548,-13.0,9.23112,90.22917,8e-05,7.30556,0.0,0.19097,2.87292,75.72917,42.2869
46,2022-05-17 00:00:00+00:00,-1.96161,1.14587,1.13663,1.11672,-1.98863,-1.99646,0.14935,12.81923,-80.60087,28.60548,-13.0,9.22841,90.11806,8e-05,7.98472,0.0,0.16458,2.88542,77.25174,42.36562
47,2022-05-18 00:00:00+00:00,-2.0021,1.14587,1.13642,1.11672,-2.02914,-2.0367,0.14935,12.84343,-80.60087,28.60548,-13.0,9.22543,90.22222,7e-05,8.39167,0.0,0.18403,2.87778,78.79271,42.90613
48,2022-05-19 00:00:00+00:00,-2.01251,1.14586,1.13687,1.11672,-2.03958,-2.04788,0.14986,12.78569,-80.60087,28.60548,-13.0,9.21997,90.22222,0.0001,8.54444,0.0,0.1875,2.875,80.27917,43.20811
49,2022-05-20 00:00:00+00:00,-1.97846,1.14584,1.13616,1.11672,-2.00505,-2.01264,0.14872,12.81011,-80.60087,28.60548,-13.0,9.24814,90.15278,6e-05,8.40208,0.0,0.16736,2.88611,81.80347,40.51647
50,2022-05-21 00:00:00+00:00,-1.93088,1.14583,1.13616,1.11672,-1.95811,-1.96603,0.14842,12.80162,-80.60087,28.60548,-13.0,9.25644,90.11111,6e-05,8.92778,0.0,0.15,2.89583,83.31701,38.76881
51,2022-05-22 00:00:00+00:00,-1.98041,1.14585,1.13616,1.11672,-2.00717,-2.01534,0.14923,12.81893,-80.60087,28.60548,-13.0,9.23812,90.20139,8e-05,9.03333,0.0,0.17361,2.88264,84.81319,41.08846
52,2022-05-23 00:00:00+00:00,-2.01478,1.14581,1.13616,1.11672,-2.04164,-2.04965,0.14924,12.7971,-80.60087,28.60548,-13.0,9.2317,90.15278,8e-05,8.46528,0.0,0.15625,2.89444,86.28472,42.10891
53,2022-05-24 00:00:00+00:00,-2.03714,1.14584,1.13616,1.11672,-2.0639,-2.07173,0.14943,12.80005,-80.60087,28.60548,-13.0,9.22616,90.18056,0.0001,7.17222,0.0,0.16736,2.88472,87.84688,42.7639
54,2022-05-25 00:00:00+00:00,-1.98778,1.14586,1.13616,1.11672,-2.01466,-2.02311,0.1494,12.77028,-80.60087,28.60548,-13.0,9.24012,90.14155,9e-05,7.54038,0.0,0.15737,2.88593,89.26307,41.19663
55,2022-05-26 00:00:00+00:00,-0.65078,1.14583,1.13616,1.11672,-0.67121,-0.67599,0.14547,13.05543,-80.60087,28.60548,-13.0,9.22486,90.19444,7e-05,9.13403,0.0,0.17361,2.88333,90.73229,41.58657
56,2022-05-27 00:00:00+00:00,-0.63941,1.14579,1.13616,1.11672,-0.65973,-0.66388,0.14544,13.06049,-80.60087,28.60548,-13.0,9.23341,90.26389,8e-05,9.25486,0.0,0.18472,2.88056,92.10972,40.98979
57,2022-05-28 00:00:00+00:00,-0.6342,1.14573,1.13616,1.11672,-0.65395,-0.65942,0.1454,13.01364,-80.60087,28.60548,-13.0,9.25078,90.1875,6e-05,9.16806,0.0,0.17986,2.88125,93.42431,38.92627
58,2022-05-29 00:00:00+00:00,-0.62824,1.1458,1.13616,1.11672,-0.64898,-0.65322,0.14579,13.03943,-80.60087,28.60548,-13.0,9.22011,90.1875,9e-05,9.16389,0.0,0.17361,2.88403,94.57743,42.06253
59,2022-05-30 00:00:00+00:00,-0.6247,1.14582,1.13698,1.11672,-0.64547,-0.65004,0.14573,13.05128,-80.60087,28.60548,-13.0,9.21669,90.13194,6e-05,9.22639,0.0,0.17083,2.88542,95.80035,41.85675
60,2022-05-31 00:00:00+00:00,-0.62459,1.14585,1.13629,1.11672,-0.64505,-0.64978,0.14612,13.05289,-80.60087,28.60548,-13.0,9.21408,90.28472,7e-05,9.26389,0.0,0.19444,2.87431,97.06319,42.25126
61,2022-06-01 00:00:00+00:00,-0.62561,1.14576,1.13616,1.11672,-0.64576,-0.65131,0.14592,13.04989,-80.60087,28.60548,-13.0,9.2221,90.21528,8e-05,9.24097,0.0,0.18542,2.88125,98.48021,41.32955
62,2022-06-02 00:00:00+00:00,-0.6238,1.14584,1.13616,1.11672,-0.64445,-0.64938,0.14562,13.05581,-80.60087,28.60548,-13.0,9.21605,90.14583,6e-05,9.39097,0.0,0.16528,2.88681,99.75556,41.30631
63,2022-06-03 00:00:00+00:00,-0.62312,1.14575,1.13616,1.11672,-0.64367,-0.64744,0.14542,13.02496,-80.60087,28.60548,-13.0,9.24515,90.15972,5e-05,9.13333,0.0,0.16319,2.89375,100.0,38.46296
64,2022-06-04 00:00:00+00:00,-0.62006,1.14587,1.13616,1.11672,-0.6416,-0.64401,0.14625,12.87575,-80.60087,28.60548,-13.0,9.27148,90.14583,7e-05,9.36042,0.0,0.14792,2.90208,100.0,35.56599
65,2022-06-05 00:00:00+00:00,-0.61197,1.1458,1.13616,1.11672,-0.63327,-0.63683,0.14567,13.02553,-80.60087,28.60548,-13.0,9.22151,90.1875,0.00011,9.36597,0.0,0.17153,2.87569,100.0,40.71971
66,2022-06-06 00:00:00+00:00,-0.61026,1.14574,1.13616,1.11672,-0.63186,-0.63429,0.14562,13.03971,-80.60087,28.60548,-13.0,9.24551,90.23611,6e-05,9.33194,0.0,0.18681,2.87917,100.0,39.25295
67,2022-06-07 00:00:00+00:00,-0.60915,1.14583,1.13616,1.11672,-0.63081,-0.63365,0.14563,13.05481,-80.60087,28.60548,-13.0,9.22696,90.11806,0.00011,9.3375,0.0,0.16389,2.88264,100.0,40.33323
68,2022-06-08 00:00:00+00:00,-0.60921,1.14575,1.13619,1.11672,-0.63052,-0.6337,0.14567,13.05307,-80.60087,28.60548,-13.0,9.22239,90.15972,6e-05,9.36944,0.0,0.16806,2.88958,100.0,41.69548
69,2022-06-09 00:00:00+00:00,-0.61253,1.14564,1.1362,1.11672,-0.63318,-0.63603,0.14571,13.02792,-80.60087,28.60548,-13.0,9.24003,90.20139,9e-05,9.09722,0.0,0.18125,2.87847,100.0,39.67952
70,2022-06-10 00:00:00+00:00,-0.61407,1.14573,1.13616,1.11672,-0.63414,-0.63758,0.14619,12.97513,-80.60087,28.60548,-13.0,9.24843,90.22222,0.0001,8.96319,0.0,0.17917,2.87639,100.0,39.21203
71,2022-06-11 00:00:00+00:00,-0.61037,1.14571,1.13616,1.11672,-0.63194,-0.63431,0.14566,12.97328,-80.60087,28.60548,-13.0,9.2567,90.18056,9e-05,9.32222,0.0,0.17014,2.88472,100.0,37.93467
72,2022-06-12 00:00:00+00:00,-0.60483,1.14569,1.13616,1.11672,-0.6259,-0.63026,0.14528,13.02388,-80.60085,28.60547,-14.10486,9.24922,90.16667,7e-05,9.31181,0.0,0.15417,2.89861,100.0,39.19887
73,2022-06-13 00:00:00+00:00,-0.60393,1.14577,1.13616,1.11672,-0.62434,-0.62825,0.14552,13.06922,-80.60079,28.60543,-17.0,9.23167,90.19444,7e-05,9.30069,0.0,0.17292,2.8875,100.0,41.46748
74,2022-06-14 00:00:00+00:00,-0.60467,1.1458,1.13616,1.11672,-0.62537,-0.63053,0.14577,13.03685,-80.60079,28.60543,-17.0,9.22174,90.16667,8e-05,9.32639,0.0,0.16667,2.88611,100.0,43.15768
75,2022-06-15 00:00:00+00:00,-0.60782,1.14579,1.13653,1.11672,-0.62971,-0.63341,0.14607,13.04773,-80.60079,28.60543,-17.0,9.21538,90.17361,7e-05,9.03403,0.0,0.17222,2.88542,100.0,43.77625
76,2022-06-16 00:00:00+00:00,-0.61249,1.14578,1.13675,1.11672,-0.63307,-0.63636,0.14606,13.0461,-80.60079,28.60543,-17.0,9.21595,90.26389,7e-05,9.15208,0.0,0.19514,2.87361,100.0,43.70853
77,2022-06-17 00:00:00+00:00,-0.61311,1.14581,1.1372,1.11672,-0.63387,-0.63789,0.14618,13.03793,-80.60079,28.60543,-17.0,9.2131,90.16667,7e-05,9.24236,0.0,0.17292,2.88472,100.0,43.72853
78,2022-06-18 00:00:00+00:00,-0.61449,1.14574,1.13648,1.11672,-0.63498,-0.63925,0.14651,13.00464,-80.60079,28.60543,-17.0,9.22964,90.22222,7e-05,9.20833,0.0,0.19028,2.87639,100.0,41.46746
79,2022-06-19 00:00:00+00:00,-0.61302,1.1458,1.13616,1.11672,-0.63367,-0.63684,0.1457,13.01441,-80.60079,28.60543,-17.0,9.23981,90.15972,9e-05,9.11944,0.0,0.16944,2.88542,100.0,39.81634
80,2022-06-20 00:00:00+00:00,-0.60957,1.14582,1.13616,1.11672,-0.63096,-0.63395,0.14557,13.05996,-80.60079,28.60543,-17.0,9.21822,90.18056,9e-05,9.11875,0.0,0.17431,2.87917,100.0,42.44292
81,2022-06-21 00:00:00+00:00,-0.60952,1.14584,1.13627,1.11672,-0.63061,-0.63364,0.14579,13.06177,-80.60079,28.60543,-17.0,9.22093,90.15972,8e-05,9.20139,0.0,0.17431,2.88403,100.0,41.65826
82,2022-06-22 00:00:00+00:00,-0.60682,1.14587,1.13652,1.11672,-0.62837,-0.63209,0.14592,13.05786,-80.60079,28.60543,-17.0,9.21128,90.21528,8e-05,9.04444,0.0,0.18403,2.87569,100.0,42.22967
83,2022-06-23 00:00:00+00:00,-0.60521,1.14585,1.13758,1.11672,-0.62653,-0.63102,0.14621,13.03668,-80.60079,28.60543,-17.0,9.20673,90.16667,8e-05,9.26528,0.0,0.18333,2.875,100.0,42.17559
84,2022-06-24 00:00:00+00:00,-0.60738,1.14579,1.13708,1.11672,-0.62846,-0.63277,0.14689,12.97923,-80.60079,28.60543,-17.0,9.21295,90.22917,6e-05,9.02917,0.0,0.18611,2.87708,100.0,42.34846
85,2022-06-25 00:00:00+00:00,-0.61023,1.14581,1.13621,1.11672,-0.63143,-0.63405,0.14609,13.01263,-80.60079,28.60543,-17.0,9.21534,90.20139,0.00013,9.28472,0.0,0.17569,2.87431,100.0,41.50561
86,2022-06-26 00:00:00+00:00,-0.60988,1.14581,1.13616,1.11672,-0.63104,-0.63393,0.14579,13.06348,-80.60079,28.60543,-17.0,9.20886,90.22222,9e-05,9.22153,0.0,0.175,2.88194,100.0,42.70291
87,2022-06-27 00:00:00+00:00,-0.60944,1.14582,1.13618,1.11672,-0.63038,-0.63382,0.14548,13.05286,-80.60079,28.60543,-17.0,9.20657,90.13194,0.0001,9.22153,0.0,0.16111,2.88958,100.0,42.2525
88,2022-06-28 00:00:00+00:00,-0.61125,1.14581,1.13629,1.11672,-0.63209,-0.63474,0.14634,13.05556,-80.60079,28.60543,-17.0,9.19905,90.20833,8e-05,9.33125,0.0,0.17847,2.87917,100.0,43.63997
89,2022-06-29 00:00:00+00:00,-0.61397,1.1457,1.13616,1.11672,-0.63433,-0.63903,0.1457,13.05977,-80.60079,28.60543,-17.0,9.21059,90.15972,7e-05,8.93681,0.0,0.17431,2.88125,100.0,42.56496
90,2022-06-30 00:00:00+00:00,-0.61489,1.14577,1.13616,1.11672,-0.63536,-0.64038,0.14583,13.01909,-80.60079,28.60543,-17.0,9.22687,90.1875,7e-05,8.76736,0.0,0.17083,2.88681,100.0,40.55961
91,2022-07-01 00:00:00+00:00,-0.61467,1.14572,1.13616,1.11672,-0.63466,-0.64018,0.14611,13.0088,-80.60079,28.60543,-17.0,9.23402,90.27778,9e-05,9.1375,0.0,0.19167,2.87222,100.0,40.12159
92,2022-07-02 00:00:00+00:00,-0.61387,1.1458,1.13616,1.11672,-0.6337,-0.6379,0.14615,12.98317,-80.60079,28.60543,-17.0,9.23474,90.18056,0.00012,9.39097,0.0,0.17153,2.88056,100.0,40.26799
93,2022-07-03 00:00:00+00:00,-0.61214,1.14579,1.13616,1.11672,-0.6323,-0.6352,0.14561,13.00652,-80.60079,28.60543,-17.0,9.24082,90.13889,6e-05,9.37222,0.0,0.15625,2.89444,100.0,39.99041
94,2022-07-04 00:00:00+00:00,-0.60838,1.14585,1.13715,1.11672,-0.62931,-0.63299,0.14596,13.04026,-80.60079,28.60543,-17.0,9.20988,90.16667,7e-05,9.39097,0.0,0.16667,2.8875,100.0,42.75026
95,2022-07-05 00:00:00+00:00,-0.60892,1.14582,1.13738,1.11672,-0.62998,-0.63391,0.14618,13.04474,-80.60079,28.60543,-17.0,9.19679,90.22222,0.00011,9.16042,0.0,0.18264,2.87917,100.0,44.39064
96,2022-07-06 00:00:00+00:00,-0.61344,1.14581,1.13616,1.11672,-0.6337,-0.63735,0.1463,13.03399,-80.60079,28.60543,-17.0,9.20622,90.27083,0.00011,8.97153,0.0,0.19097,2.86875,100.0,43.37
97,2022-07-07 00:00:00+00:00,-0.61501,1.14577,1.13713,1.11672,-0.63555,-0.64016,0.14638,13.04056,-80.60079,28.60543,-17.0,9.20119,90.21528,9e-05,9.19097,0.0,0.18681,2.87708,100.0,43.81452
98,2022-07-08 00:00:00+00:00,-0.61677,1.1458,1.13699,1.11672,-0.6382,-0.64256,0.14618,13.04115,-80.60079,28.60543,-17.0,9.19708,90.1875,0.00012,9.21597,0.0,0.17639,2.87292,100.0,44.03701
99,2022-07-09 00:00:00+00:00,-0.62066,1.14581,1.13625,1.11672,-0.64136,-0.64484,0.14633,13.03721,-80.60079,28.60543,-17.0,9.19861,90.21528,8e-05,9.11389,0.0,0.17292,2.88681,100.0,44.04339
100,2022-07-10 00:00:00+00:00,-0.62353,1.14586,1.13631,1.11672,-0.64339,-0.64813,0.14619,13.0082,-80.60079,28.60543,-17.0,9.21655,90.19444,7e-05,9.06181,0.0,0.17917,2.88056,100.0,41.82257
101,2022-07-11 00:00:00+00:00,-0.62148,1.14587,1.13616,1.11672,-0.64222,-0.64557,0.14572,13.0041,-80.60079,28.60543,-17.0,9.22897,90.21528,8e-05,9.35278,0.0,0.17847,2.87986,100.0,40.1001
102,2022-07-12 00:00:00+00:00,-0.61605,1.14588,1.13616,1.11672,-0.63736,-0.64188,0.14583,13.04417,-80.60079,28.60543,-17.0,9.20594,90.21528,0.00011,9.42431,0.0,0.17917,2.87708,100.0,42.72975
103,2022-07-13 00:00:00+00:00,-0.61586,1.14583,1.13706,1.11672,-0.6371,-0.64185,0.14617,13.02913,-80.60079,28.60543,-17.0,9.19702,90.23611,8e-05,9.17361,0.0,0.18403,2.87917,100.0,44.1888
104,2022-07-14 00:00:00+00:00,-0.61969,1.14587,1.1372,1.11672,-0.64065,-0.64431,0.14599,13.04181,-80.60079,28.60543,-17.0,9.19779,90.18056,8e-05,8.85833,0.0,0.17222,2.8875,100.0,43.67244
105,2022-07-15 00:00:00+00:00,-0.62228,1.14587,1.13759,1.11672,-0.64287,-0.64649,0.14606,13.0315,-80.60079,28.60543,-17.0,9.1987,90.1875,9e-05,9.05972,0.0,0.18056,2.87847,100.0,43.2585
106,2022-07-16 00:00:00+00:00,-0.62411,1.14585,1.13616,1.11672,-0.64436,-0.64956,0.14635,12.97297,-80.60079,28.60543,-17.0,9.2217,90.14583,5e-05,9.12361,0.0,0.17014,2.88681,100.0,40.92834
107,2022-07-17 00:00:00+00:00,-0.62275,1.14587,1.13616,1.11672,-0.64321,-0.647,0.14548,13.01583,-80.60079,28.60543,-17.0,9.23586,90.14583,7e-05,9.35903,0.0,0.16111,2.89097,100.0,39.05969
108,2022-07-18 00:00:00+00:00,-0.61772,1.14583,1.13616,1.11672,-0.63903,-0.64325,0.14644,13.00267,-80.60079,28.60543,-17.0,9.21646,90.25,8e-05,9.35486,0.0,0.18056,2.87917,100.0,41.18426
109,2022-07-19 00:00:00+00:00,-0.61471,1.14581,1.13616,1.11672,-0.63562,-0.63942,0.14601,12.96752,-80.60079,28.60543,-17.0,9.2367,90.21528,6e-05,9.31458,0.0,0.16806,2.89236,100.0,39.22955
110,2022-07-20 00:00:00+00:00,-0.60833,1.14585,1.13617,1.11672,-0.62994,-0.63314,0.14617,12.94572,-80.60079,28.60543,-17.0,9.24836,90.22352,7e-05,9.31778,0.0,0.1691,2.88824,100.0,37.95907
111,2022-07-21 00:00:00+00:00,-0.60413,1.14583,1.13801,1.11672,-0.62511,-0.62912,0.14669,13.0251,-80.60079,28.60543,-17.0,9.20172,90.19444,7e-05,9.27986,0.0,0.17917,2.88194,100.0,42.20226
112,2022-07-22 00:00:00+00:00,-0.60493,1.14585,1.13671,1.11672,-0.62588,-0.63088,0.14634,13.04821,-80.60079,28.60543,-17.0,9.18507,90.19444,0.0001,9.19792,0.0,0.17361,2.88333,100.0,43.79155
113,2022-07-23 00:00:00+00:00,-0.60773,1.14587,1.13761,1.11672,-0.62977,-0.63326,0.14639,13.04711,-80.60079,28.60543,-17.0,9.17806,90.20833,5e-05,8.95694,0.0,0.18611,2.88472,100.0,44.38058
114,2022-07-24 00:00:00+00:00,-0.61189,1.14588,1.13806,1.11672,-0.63299,-0.63624,0.14635,13.036,-80.60079,28.60543,-17.0,9.16737,90.17361,6e-05,8.76111,0.0,0.175,2.88958,100.0,44.36934
115,2022-07-25 00:00:00+00:00,-0.61395,1.14587,1.13831,1.11672,-0.63487,-0.6394,0.14682,13.01055,-80.60079,28.60543,-17.0,9.16321,90.1875,7e-05,8.81944,0.0,0.17431,2.88542,100.0,44.17418
116,2022-07-26 00:00:00+00:00,-0.61582,1.14585,1.13647,1.11672,-0.63686,-0.64218,0.14627,13.01794,-80.60079,28.60543,-17.0,9.19122,90.22222,6e-05,8.9875,0.0,0.1875,2.87778,100.0,41.84847
117,2022-07-27 00:00:00+00:00,-0.61393,1.14581,1.13679,1.11672,-0.6351,-0.63915,0.14609,13.03396,-80.60079,28.60543,-17.0,9.20215,90.22917,8e-05,9.41042,0.0,0.17778,2.88264,100.0,41.82602
118,2022-07-28 00:00:00+00:00,-0.61282,1.14584,1.13716,1.11672,-0.63341,-0.63712,0.14632,13.04247,-80.60079,28.60543,-17.0,9.18158,90.17361,8e-05,9.34653,0.0,0.17569,2.87847,100.0,43.65297
119,2022-07-29 00:00:00+00:00,-0.61324,1.14588,1.13778,1.11672,-0.63407,-0.63794,0.14669,13.03904,-80.60079,28.60543,-17.0,9.16919,90.13889,6e-05,9.01875,0.0,0.16944,2.88611,100.0,44.34067
120,2022-07-30 00:00:00+00:00,-0.61398,1.14586,1.13761,1.11672,-0.63484,-0.63912,0.14644,13.03542,-80.60079,28.60543,-17.0,9.15994,90.22917,7e-05,9.08611,0.0,0.17917,2.88125,100.0,44.18183
121,2022-07-31 00:00:00+00:00,-0.61574,1.14589,1.13794,1.11672,-0.63725,-0.64183,0.14621,13.03831,-80.60079,28.60543,-17.0,9.15662,90.17361,0.0001,8.99236,0.0,0.17847,2.87847,100.0,43.9961
122,2022-08-01 00:00:00+00:00,-0.61756,1.14587,1.13813,1.11672,-0.63904,-0.64329,0.14692,13.03224,-80.60079,28.60543,-17.0,9.15238,90.23611,7e-05,8.91042,0.0,0.18333,2.88056,100.0,44.56513
123,2022-08-02 00:00:00+00:00,-0.61973,1.14589,1.13818,1.11672,-0.64064,-0.64456,0.14686,13.02819,-80.60079,28.60543,-17.0,9.14973,90.27778,9e-05,8.98333,0.0,0.20417,2.86389,100.0,43.92328
124,2022-08-03 00:00:00+00:00,-0.61998,1.14587,1.13812,1.11672,-0.64097,-0.64461,0.14661,13.03648,-80.60079,28.60543,-17.0,9.14346,90.22917,5e-05,9.00486,0.0,0.18611,2.87708,100.0,43.516
125,2022-08-04 00:00:00+00:00,-0.61971,1.14589,1.13873,1.11672,-0.64075,-0.64489,0.14661,13.02469,-80.60079,28.60543,-17.0,9.13785,90.15972,6e-05,9.00347,0.0,0.17153,2.88681,100.0,44.91058
126,2022-08-05 00:00:00+00:00,-0.62145,1.14587,1.13866,1.11672,-0.64214,-0.64708,0.14705,13.02464,-80.60079,28.60543,-17.0,9.13357,90.1875,6e-05,9.06597,0.0,0.17708,2.88403,100.0,45.24657
127,2022-08-06 00:00:00+00:00,-0.62492,1.14586,1.13849,1.11672,-0.64527,-0.65081,0.14686,13.02808,-80.60079,28.60543,-17.0,9.13263,90.25,9e-05,9.01389,0.0,0.19792,2.86944,100.0,44.93107
128,2022-08-07 00:00:00+00:00,-0.62769,1.14589,1.13825,1.11672,-0.64803,-0.65282,0.14696,13.02703,-80.60079,28.60543,-17.0,9.13378,90.20139,0.00011,9.10764,0.0,0.18194,2.87292,100.0,44.71068
129,2022-08-08 00:00:00+00:00,-0.62848,1.14588,1.13858,1.11672,-0.64912,-0.65354,0.14698,13.02683,-80.60079,28.60543,-17.0,9.12502,90.19444,5e-05,9.13264,0.0,0.18125,2.88194,100.0,44.97819
130,2022-08-09 00:00:00+00:00,-0.6313,1.14589,1.13646,1.11672,-0.65127,-0.65459,0.14591,13.03607,-80.60079,28.60543,-17.0,9.15871,90.1875,6e-05,9.13819,0.0,0.17431,2.88542,100.0,41.82216
131,2022-08-10 00:00:00+00:00,-0.62815,1.14587,1.13782,1.11672,-0.6481,-0.65237,0.14639,13.02573,-80.60079,28.60543,-17.0,9.15858,90.14583,0.00011,9.38681,0.0,0.16042,2.88542,100.0,44.02474
132,2022-08-11 00:00:00+00:00,-0.628,1.14588,1.13726,1.11672,-0.64805,-0.65261,0.14659,12.99716,-80.60079,28.60543,-17.0,9.15969,90.20833,9e-05,9.1625,0.0,0.17917,2.88056,100.0,43.16653
133,2022-08-12 00:00:00+00:00,-0.62823,1.14588,1.13685,1.11672,-0.64809,-0.65269,0.14695,12.96908,-80.60079,28.60543,-17.0,9.16412,90.20139,9e-05,8.87639,0.0,0.175,2.88542,100.0,42.46789
134,2022-08-13 00:00:00+00:00,-0.62759,1.14588,1.13616,1.11672,-0.6473,-0.65281,0.14658,12.97589,-80.60079,28.60543,-17.0,9.19168,90.13889,7e-05,9.17014,0.0,0.16875,2.88472,100.0,39.8305
135,2022-08-14 00:00:00+00:00,-0.62014,1.14588,1.1372,1.11672,-0.64044,-0.6443,0.14622,13.00172,-80.60079,28.60543,-17.0,9.19838,90.18056,8e-05,9.44167,0.0,0.17222,2.88333,100.0,40.82896
136,2022-08-15 00:00:00+00:00,-0.61216,1.14586,1.13772,1.11672,-0.63239,-0.63635,0.14643,13.02759,-80.60079,28.60543,-17.0,9.16578,90.15278,8e-05,9.28056,0.0,0.16736,2.89028,100.0,43.24323
137,2022-08-16 00:00:00+00:00,-0.61112,1.14588,1.13618,1.11672,-0.63186,-0.63495,0.14621,13.03497,-80.60079,28.60543,-17.0,9.16138,90.17361,7e-05,9.25625,0.0,0.17222,2.88403,100.0,42.89904
138,2022-08-17 00:00:00+00:00,-0.61224,1.14587,1.13634,1.11672,-0.6325,-0.63518,0.14628,13.00177,-80.60079,28.60543,-17.0,9.19218,90.21528,8e-05,9.15903,0.0,0.1875,2.87569,100.0,40.84573
139,2022-08-18 00:00:00+00:00,-0.6089,1.14581,1.13619,1.11672,-0.62907,-0.63298,0.14658,12.96099,-80.60079,28.60543,-17.0,9.21348,90.21528,8e-05,9.35972,0.0,0.17778,2.88264,100.0,40.02481
140,2022-08-19 00:00:00+00:00,-0.60296,1.14582,1.13714,1.11672,-0.62324,-0.62744,0.14639,12.99971,-80.60079,28.60543,-17.0,9.2025,90.16667,9e-05,9.52083,0.0,0.16875,2.88333,100.0,41.29218
141,2022-08-20 00:00:00+00:00,-0.60085,1.14587,1.1378,1.11672,-0.62142,-0.62496,0.14653,13.00687,-80.60079,28.60543,-17.0,9.17686,90.19444,8e-05,9.30764,0.0,0.17778,2.88194,100.0,42.54308
142,2022-08-21 00:00:00+00:00,-0.60345,1.14587,1.13723,1.11672,-0.62345,-0.62812,0.14682,13.0233,-80.60079,28.60543,-17.0,9.16555,90.26389,0.0001,9.375,0.0,0.19097,2.87083,100.0,43.70949
143,2022-08-22 00:00:00+00:00,-0.6063,1.14589,1.13763,1.11672,-0.62652,-0.63211,0.14678,13.00493,-80.60079,28.60543,-17.0,9.16372,90.17361,0.0001,9.33056,0.0,0.17153,2.88125,100.0,43.86895
144,2022-08-23 00:00:00+00:00,-0.61036,1.14587,1.13748,1.11672,-0.63071,-0.63449,0.14679,12.98975,-80.60079,28.60543,-17.0,9.16839,90.14583,0.0001,8.95903,0.0,0.17639,2.87708,100.0,43.22517
145,2022-08-24 00:00:00+00:00,-0.61112,1.14588,1.1383,1.11672,-0.63142,-0.63554,0.14714,12.98793,-80.60079,28.60543,-17.0,9.14932,90.18056,0.0001,8.86042,0.0,0.17431,2.88056,100.0,44.07918
146,2022-08-25 00:00:00+00:00,-0.61359,1.14588,1.13683,1.11672,-0.63362,-0.63777,0.1469,12.97738,-80.60079,28.60543,-17.0,9.16804,90.20139,6e-05,8.69375,0.0,0.17917,2.87986,100.0,42.68814
147,2022-08-26 00:00:00+00:00,-0.61493,1.14581,1.13616,1.11672,-0.6346,-0.63967,0.14639,12.94139,-80.60079,28.60543,-17.0,9.21963,90.17361,5e-05,9.16597,0.0,0.17083,2.89097,100.0,40.03939
148,2022-08-27 00:00:00+00:00,-0.61023,1.14579,1.13616,1.11672,-0.6301,-0.63385,0.14698,12.87707,-80.60079,28.60543,-17.0,9.25368,90.1875,8e-05,9.30625,0.0,0.16944,2.88403,100.0,37.76657
149,2022-08-28 00:00:00+00:00,-0.60102,1.14575,1.13669,1.11672,-0.62115,-0.62476,0.14695,12.9382,-80.60079,28.60543,-17.0,9.23797,90.21528,6e-05,9.18681,0.0,0.17222,2.88264,100.0,40.65934
150,2022-08-29 00:00:00+00:00,-0.59683,1.14581,1.13616,1.11672,-0.61698,-0.62145,0.14629,12.97911,-80.60079,28.60543,-17.0,9.22123,90.13889,0.00011,9.33542,0.0,0.16806,2.88194,100.0,41.21656
151,2022-08-30 00:00:00+00:00,-0.59639,1.14585,1.13676,1.11672,-0.61645,-0.62093,0.14652,13.00932,-80.60079,28.60543,-17.0,9.20466,90.19444,6e-05,9.40486,0.0,0.16875,2.8875,100.0,42.90331
152,2022-08-31 00:00:00+00:00,-0.5978,1.14586,1.13774,1.11672,-0.61826,-0.62253,0.1467,12.99904,-80.60079,28.60543,-17.0,9.18154,90.17361,8e-05,9.33819,0.0,0.17569,2.88125,100.0,43.47397
153,2022-09-01 00:00:00+00:00,-0.59933,1.14588,1.13785,1.11672,-0.6202,-0.62378,0.14703,12.98367,-80.60079,28.60543,-17.0,9.16914,90.1875,6e-05,9.00417,0.0,0.17708,2.88125,100.0,43.19777
154,2022-09-02 00:00:00+00:00,-0.60255,1.14589,1.13623,1.11672,-0.62307,-0.62648,0.14672,12.97571,-80.60079,28.60543,-17.0,9.18203,90.20833,0.0001,8.95069,0.0,0.18542,2.87639,100.0,42.1076
155,2022-09-03 00:00:00+00:00,-0.60192,1.14589,1.13787,1.11672,-0.62267,-0.62651,0.14655,13.00553,-80.60079,28.60543,-17.0,9.17481,90.18056,0.00011,9.24028,0.0,0.17639,2.87639,100.0,43.16023
156,2022-09-04 00:00:00+00:00,-0.60224,1.14589,1.13822,1.11672,-0.62257,-0.62661,0.14672,12.99195,-80.60079,28.60543,-17.0,9.15794,90.21528,0.00011,8.90486,0.0,0.18333,2.87431,100.0,43.71619
157,2022-09-05 00:00:00+00:00,-0.60201,1.14588,1.13872,1.11682,-0.62251,-0.62698,0.14716,12.99773,-80.60079,28.60543,-17.0,9.13548,90.20139,8e-05,8.79653,0.0,0.17917,2.88125,100.0,45.16378
158,2022-09-06 00:00:00+00:00,-0.60325,1.14589,1.13879,1.11675,-0.62372,-0.62903,0.14739,12.98835,-80.60079,28.60543,-17.0,9.12578,90.23611,8e-05,8.82153,0.0,0.2,2.86389,100.0,44.81851
159,2022-09-07 00:00:00+00:00,-0.60558,1.14588,1.13747,1.11672,-0.62584,-0.63175,0.14736,12.94278,-80.60079,28.60543,-17.0,9.15236,90.26389,0.0001,8.89167,0.0,0.19167,2.86944,100.0,42.49648
160,2022-09-08 00:00:00+00:00,-0.60528,1.14587,1.13723,1.11672,-0.62526,-0.63088,0.14707,12.93632,-80.60079,28.60543,-17.0,9.17697,90.22917,0.0001,9.025,0.0,0.18125,2.87569,100.0,41.25832
161,2022-09-09 00:00:00+00:00,-0.60274,1.14586,1.1365,1.11672,-0.62309,-0.62673,0.14665,12.95731,-80.60079,28.60543,-17.0,9.20675,90.22222,9e-05,9.2625,0.0,0.17847,2.87917,100.0,39.07585
162,2022-09-10 00:00:00+00:00,-0.59569,1.14581,1.13655,1.11672,-0.61619,-0.61993,0.14657,12.95983,-80.60079,28.60543,-17.0,9.21482,90.15278,7e-05,9.24167,0.0,0.16667,2.89028,100.0,40.02162
163,2022-09-11 00:00:00+00:00,-0.59078,1.14584,1.13716,1.11672,-0.61192,-0.61492,0.14644,12.9907,-80.60079,28.60543,-17.0,9.19554,90.17361,9e-05,9.21806,0.0,0.16806,2.88125,100.0,42.06995
164,2022-09-12 00:00:00+00:00,-0.591,1.14585,1.13789,1.11672,-0.61193,-0.61504,0.14673,12.99489,-80.60079,28.60543,-17.0,9.18219,90.16667,8e-05,9.00556,0.0,0.18889,2.87083,100.0,42.50958
165,2022-09-13 00:00:00+00:00,-0.59016,1.14585,1.1366,1.11672,-0.61158,-0.6143,0.14634,12.98241,-80.60079,28.60543,-17.0,9.20135,90.1875,5e-05,9.18125,0.0,0.17292,2.88681,100.0,40.48165
166,2022-09-14 00:00:00+00:00,-0.58563,1.14585,1.13633,1.11672,-0.60726,-0.6109,0.14654,12.95677,-80.60079,28.60543,-17.0,9.22367,90.24306,0.00012,9.27917,0.0,0.18472,2.87569,100.0,39.50574
167,2022-09-15 00:00:00+00:00,-0.5816,1.14583,1.13735,1.11672,-0.6025,-0.60557,0.14651,12.995,-80.60079,28.60543,-17.0,9.214,90.17361,0.00013,9.24444,0.0,0.17153,2.88125,100.0,41.04037
168,2022-09-16 00:00:00+00:00,-0.57897,1.14583,1.13617,1.11672,-0.60072,-0.6042,0.14706,12.90288,-80.60079,28.60543,-17.0,9.23574,90.21528,7e-05,9.34375,0.0,0.17708,2.88542,100.0,38.46416
169,2022-09-17 00:00:00+00:00,-0.57763,1.14581,1.13616,1.11672,-0.59885,-0.6032,0.14672,12.8475,-80.60079,28.60543,-17.0,9.26778,90.09028,9e-05,9.5,0.0,0.14028,2.89514,100.0,37.10575
170,2022-09-18 00:00:00+00:00,-0.5744,1.14577,1.13616,1.11672,-0.59486,-0.59794,0.14608,12.94839,-80.60079,28.60543,-16.98958,9.25934,90.20139,8e-05,9.36319,0.0,0.16667,2.88958,100.0,38.67361
171,2022-09-19 00:00:00+00:00,-0.57137,1.14572,1.13616,1.11672,-0.59316,-0.59531,0.14676,12.96963,-80.60079,28.60543,-17.0,9.25065,90.20833,7e-05,9.39792,0.0,0.18889,2.87083,100.0,39.99394
172,2022-09-20 00:00:00+00:00,-0.56863,1.14576,1.13695,1.11672,-0.59092,-0.5939,0.14693,12.96792,-80.60079,28.60543,-17.0,9.23867,90.20139,7e-05,9.34653,0.0,0.17917,2.87986,100.0,41.14555
173,2022-09-21 00:00:00+00:00,-0.56713,1.14581,1.13616,1.11672,-0.58908,-0.59299,0.14645,12.99792,-80.60079,28.60543,-17.0,9.24001,90.23611,7e-05,9.40972,0.0,0.18542,2.87639,100.0,40.48182
174,2022-09-22 00:00:00+00:00,-0.5666,1.14584,1.13785,1.11672,-0.5882,-0.59228,0.1466,13.00155,-80.60079,28.60543,-17.0,9.20331,90.15278,0.0001,9.33194,0.0,0.17014,2.88056,100.0,43.28955
175,2022-09-23 00:00:00+00:00,-0.56693,1.14587,1.13648,1.11672,-0.58878,-0.59278,0.14669,12.9887,-80.60079,28.60543,-17.0,9.20553,90.24306,5e-05,9.15139,0.0,0.18819,2.87847,100.0,40.6176
176,2022-09-24 00:00:00+00:00,-0.56625,1.14587,1.13761,1.11672,-0.58812,-0.5922,0.1468,13.00266,-80.60079,28.60543,-17.0,9.187,90.19444,8e-05,9.04444,0.0,0.17917,2.88056,100.0,42.7979
177,2022-09-25 00:00:00+00:00,-0.56538,1.14588,1.13791,1.11672,-0.58687,-0.59077,0.14716,12.99298,-80.60079,28.60543,-17.0,9.1625,90.20833,9e-05,8.89792,0.0,0.18056,2.87639,100.0,43.22436
178,2022-09-26 00:00:00+00:00,-0.56617,1.14589,1.1376,1.11672,-0.58759,-0.59168,0.14676,12.98798,-80.60079,28.60543,-17.0,9.16732,90.15972,5e-05,8.84792,0.0,0.17778,2.88264,100.0,42.81539
179,2022-09-27 00:00:00+00:00,-0.56754,1.14588,1.13616,1.11672,-0.58985,-0.5933,0.14766,12.76296,-80.60079,28.60543,-17.0,9.23725,90.11111,7e-05,8.96458,0.0,0.1375,2.90417,100.0,37.30362
180,2022-09-28 00:00:00+00:00,-0.55789,1.14589,1.13616,1.11672,-0.57872,-0.58253,0.15005,12.53061,-80.60079,28.60543,-17.0,9.29937,90.14583,6e-05,9.43264,0.0,0.13611,2.90625,100.0,34.66257
181,2022-09-29 00:00:00+00:00,-0.52998,1.14579,1.13616,1.11672,-0.54945,-0.55284,0.14979,12.60817,-80.60079,28.60543,-17.0,9.31319,90.15972,8e-05,9.47222,0.0,0.15486,2.89375,100.0,35.91669
182,2022-09-30 00:00:00+00:00,-0.50978,1.14576,1.13616,1.11672,-0.52996,-0.53281,0.14953,12.65617,-80.60079,28.60543,-17.0,9.26998,90.16667,8e-05,9.26389,0.0,0.16944,2.88056,100.0,35.0412
183,2022-10-01 00:00:00+00:00,-0.47726,1.14581,1.13693,1.11672,-0.49676,-0.50006,0.14791,12.84982,-80.60079,28.60543,-17.0,9.22603,90.17361,8e-05,9.30556,0.0,0.18403,2.87569,100.0,38.93319
184,2022-10-02 00:00:00+00:00,-0.45875,1.14584,1.13736,1.11672,-0.47994,-0.48315,0.14625,12.97729,-80.60079,28.60543,-17.0,9.1955,90.19444,0.00011,9.09306,0.0,0.18403,2.87222,100.0,38.84866
185,2022-10-03 00:00:00+00:00,-0.44963,1.14589,1.13616,1.11672,-0.47084,-0.47403,0.14618,12.9953,-80.60079,28.60543,-17.0,9.18245,90.25,8e-05,9.02708,0.0,0.18889,2.87639,100.0,38.91635
186,2022-10-04 00:00:00+00:00,-0.44408,1.14589,1.13616,1.11672,-0.46547,-0.46784,0.14575,12.98721,-80.60079,28.60543,-17.0,9.20009,90.14583,8e-05,9.04444,0.0,0.15903,2.89375,100.0,37.72204
187,2022-10-05 00:00:00+00:00,-0.43763,1.14589,1.1363,1.11672,-0.45861,-0.462,0.14581,12.99954,-80.60079,28.60543,-17.0,9.17486,90.16667,9e-05,8.98542,0.0,0.16597,2.89028,100.0,38.83014
188,2022-10-06 00:00:00+00:00,-0.43279,1.14589,1.13685,1.11672,-0.45333,-0.45778,0.1461,13.01378,-80.04108,28.60543,-17.0,9.14043,90.24306,9e-05,8.95347,0.0,0.19444,2.87431,100.0,37.33898
189,2022-10-07 00:00:00+00:00,-0.42928,1.14589,1.13716,1.11672,-0.44951,-0.4547,0.14623,13.01064,-80.60079,28.60543,-17.0,9.13816,90.17361,9e-05,8.85833,0.0,0.18472,2.87292,100.0,37.93988
190,2022-10-08 00:00:00+00:00,-0.42915,1.14589,1.13675,1.11672,-0.44898,-0.45367,0.14574,13.01151,-80.60079,28.60543,-17.0,9.1488,90.09722,7e-05,8.96667,0.0,0.16806,2.88611,100.0,38.3446
191,2022-10-09 00:00:00+00:00,-0.43114,1.14589,1.13616,1.11672,-0.45235,-0.45658,0.14604,12.88097,-80.60079,28.60543,-17.0,9.1911,90.09028,6e-05,8.94167,0.0,0.14861,2.89931,100.0,37.05181
192,2022-10-10 00:00:00+00:00,-0.43562,1.14589,1.13616,1.11672,-0.45682,-0.45889,0.14771,12.85205,-80.60079,28.60543,-17.0,9.21145,90.15278,9e-05,9.31736,0.0,0.17083,2.88333,100.0,39.44854
193,2022-10-11 00:00:00+00:00,-0.4398,1.14587,1.13646,1.11672,-0.46024,-0.46413,0.14683,12.95287,-80.60079,28.60543,-17.0,9.19969,90.1875,7e-05,9.29653,0.0,0.17153,2.88542,100.0,40.79815
194,2022-10-12 00:00:00+00:00,-0.44637,1.14587,1.13616,1.11672,-0.46662,-0.46852,0.14822,12.80159,-80.60079,28.60543,-17.0,9.21847,90.15972,7e-05,9.025,0.0,0.16389,2.88958,100.0,38.92453
195,2022-10-13 00:00:00+00:00,-0.44988,1.14585,1.13616,1.11672,-0.46991,-0.47315,0.14876,12.72364,-80.60079,28.60543,-17.0,9.2391,90.11111,0.0001,8.66597,0.0,0.15625,2.88889,100.0,38.49348
196,2022-10-14 00:00:00+00:00,-0.45111,1.14587,1.13718,1.11672,-0.47112,-0.47534,0.14804,12.82436,-80.60079,28.60543,-17.0,9.21247,90.20139,0.00012,9.03958,0.0,0.17847,2.87708,100.0,40.69166
197,2022-10-15 00:00:00+00:00,-0.45228,1.14587,1.13662,1.11672,-0.47244,-0.47648,0.14722,12.94252,-80.60079,28.60543,-17.0,9.18795,90.24306,0.0001,9.00208,0.0,0.18819,2.87292,100.0,41.11064
198,2022-10-16 00:00:00+00:00,-0.45219,1.14589,1.13745,1.11672,-0.47325,-0.47699,0.14653,12.97387,-80.60079,28.60543,-17.0,9.17265,90.1875,8e-05,8.71528,0.0,0.17292,2.88264,100.0,40.86912
199,2022-10-17 00:00:00+00:00,-0.45244,1.14589,1.13625,1.11672,-0.47398,-0.47716,0.14692,12.90456,-80.60079,28.60543,-17.0,9.18229,90.27083,8e-05,8.77153,0.0,0.19306,2.87292,100.0,38.72071
200,2022-10-18 00:00:00+00:00,-0.45294,1.14589,1.13616,1.11672,-0.47465,-0.47735,0.14738,12.87717,-80.60079,28.60543,-17.0,9.21759,90.20139,7e-05,9.325,0.0,0.17569,2.88125,100.0,37.5835
201,2022-10-19 00:00:00+00:00,-0.44984,1.14589,1.1377,1.11672,-0.47075,-0.47458,0.14809,12.71281,-80.60079,28.60543,-17.0,9.21304,90.14583,9e-05,9.31875,0.0,0.16181,2.88819,100.0,31.27586
202,2022-10-20 00:00:00+00:00,-0.43897,1.14589,1.13716,1.11672,-0.4593,-0.46287,0.14875,12.66578,-80.60079,28.60543,-17.0,9.1998,90.14583,8e-05,8.83472,0.0,0.16806,2.88403,100.0,32.48326
203,2022-10-21 00:00:00+00:00,-0.43025,1.14589,1.13668,1.11672,-0.45033,-0.45576,0.14839,12.77008,-80.60079,28.60543,-17.0,9.18523,90.27778,8e-05,8.84306,0.0,0.19306,2.87222,100.0,35.18278
204,2022-10-22 00:00:00+00:00,-0.42867,1.14589,1.13629,1.11672,-0.44873,-0.45206,0.14705,12.90949,-80.60079,28.60543,-17.0,9.17914,90.21528,8e-05,9.02986,0.0,0.18403,2.87431,100.0,36.17494
205,2022-10-23 00:00:00+00:00,-0.42951,1.14589,1.13616,1.11672,-0.44939,-0.45371,0.14604,12.97836,-80.60079,28.60543,-17.0,9.19892,90.1875,9e-05,9.21389,0.0,0.17917,2.87569,100.0,37.06457
206,2022-10-24 00:00:00+00:00,-0.43142,1.14589,1.13721,1.11672,-0.45199,-0.45712,0.14656,12.97765,-80.60079,28.60543,-17.0,9.18636,90.1875,9e-05,9.07014,0.0,0.18542,2.87569,100.0,39.05198
207,2022-10-25 00:00:00+00:00,-0.43739,1.14589,1.1371,1.11672,-0.45759,-0.46065,0.14669,12.9794,-80.60079,28.60543,-17.0,9.16681,90.19444,0.00011,9.0375,0.0,0.18611,2.87083,100.0,38.26377
208,2022-10-26 00:00:00+00:00,-0.43946,1.14589,1.13762,1.11672,-0.45961,-0.46465,0.14661,12.97053,-80.60079,28.60543,-17.0,9.15349,90.15972,0.0001,9.04028,0.0,0.17847,2.87292,100.0,37.84544
209,2022-10-27 00:00:00+00:00,-0.44377,1.14589,1.13738,1.11672,-0.46514,-0.46825,0.14661,12.94953,-80.60079,28.60543,-17.0,9.16818,90.14583,8e-05,8.90486,0.0,0.17778,2.87986,100.0,39.58141
210,2022-10-28 00:00:00+00:00,-0.44944,1.14589,1.13636,1.11672,-0.47019,-0.47408,0.14692,12.88996,-80.60079,28.60543,-17.0,9.20231,90.1875,8e-05,9.12222,0.0,0.17292,2.88542,100.0,38.54917
211,2022-10-29 00:00:00+00:00,-0.45377,1.14589,1.13653,1.11672,-0.47493,-0.47791,0.14623,12.93775,-80.60079,28.60543,-17.0,9.22103,90.20139,0.0001,9.34514,0.0,0.17639,2.87847,100.0,38.49818
212,2022-10-30 00:00:00+00:00,-0.457,1.14588,1.13692,1.11672,-0.47736,-0.47961,0.14672,12.97488,-80.60079,28.60543,-17.0,9.21433,90.20139,6e-05,9.36528,0.0,0.17569,2.88542,100.0,39.50543
213,2022-10-31 00:00:00+00:00,-0.45824,1.14588,1.1363,1.11672,-0.47852,-0.48177,0.14612,12.96304,-80.60079,28.60543,-17.0,9.21241,90.125,8e-05,9.4125,0.0,0.16458,2.88472,100.0,39.22756
214,2022-11-01 00:00:00+00:00,-0.45967,1.14588,1.13643,1.11672,-0.48019,-0.48442,0.14695,12.91593,-80.60079,28.60543,-17.0,9.22353,90.1875,5e-05,9.32014,0.0,0.18264,2.87986,100.0,39.21986
215,2022-11-02 00:00:00+00:00,-0.46081,1.14589,1.13726,1.11672,-0.48181,-0.48606,0.14644,12.9658,-80.60079,28.60543,-17.0,9.21541,90.16667,0.00011,9.22569,0.0,0.17222,2.88333,100.0,40.14294
216,2022-11-03 00:00:00+00:00,-0.46483,1.14588,1.13616,1.11672,-0.48535,-0.4876,0.1464,12.96696,-80.60079,28.60543,-17.0,9.21723,90.19444,7e-05,8.95694,0.0,0.175,2.88333,100.0,39.51581
217,2022-11-04 00:00:00+00:00,-0.4641,1.14589,1.13633,1.11672,-0.48525,-0.48771,0.14604,12.99239,-80.60079,28.60543,-17.0,9.21285,90.15278,0.0001,8.92014,0.0,0.17014,2.88333,100.0,38.61245
218,2022-11-05 00:00:00+00:00,-0.46187,1.14589,1.13697,1.11672,-0.48328,-0.48673,0.14625,12.96408,-80.60079,28.60543,-17.0,9.20775,90.15278,7e-05,9.27083,0.0,0.16875,2.88472,100.0,39.62155
219,2022-11-06 00:00:00+00:00,-0.46299,1.14589,1.13619,1.11672,-0.4841,-0.4871,0.1462,12.96949,-80.60079,28.60543,-17.0,9.21655,90.18056,0.00011,9.32014,0.0,0.175,2.87639,100.0,39.45855
220,2022-11-07 00:00:00+00:00,-0.46387,1.14589,1.13616,1.11672,-0.48515,-0.48755,0.14614,12.96198,-80.60079,28.60543,-17.0,9.22315,90.16667,0.0001,9.45417,0.0,0.16806,2.88056,100.0,38.40329
221,2022-11-08 00:00:00+00:00,-0.46122,1.14589,1.13623,1.11672,-0.48249,-0.48621,0.1462,12.97488,-80.60079,28.60543,-17.0,9.21496,90.15278,6e-05,9.29236,0.0,0.16597,2.88889,100.0,38.6167
222,2022-11-09 00:00:00+00:00,-0.45953,1.14589,1.13616,1.11672,-0.47997,-0.48356,0.14735,12.74858,-80.60079,28.60543,-17.0,9.26675,90.125,9e-05,9.29861,0.0,0.13403,2.90139,100.0,34.51382
223,2022-11-10 00:00:00+00:00,-0.45566,1.14589,1.13616,1.11672,-0.47664,-0.47853,0.1482,12.67931,-80.60079,28.60543,-17.0,9.29915,90.14583,0.0001,9.41667,0.0,0.14306,2.89931,100.0,34.40588
224,2022-11-11 00:00:00+00:00,-0.44938,1.14586,1.13616,1.11672,-0.46994,-0.47355,0.14806,12.79127,-80.60079,28.60543,-17.0,9.27657,90.14583,6e-05,9.3,0.0,0.16042,2.89375,100.0,37.34445
225,2022-11-12 00:00:00+00:00,-0.44803,1.14589,1.13616,1.11672,-0.46796,-0.47,0.14711,12.90624,-80.60079,28.60543,-17.0,9.2517,90.22222,7e-05,9.18056,0.0,0.17847,2.88472,100.0,37.10067
226,2022-11-13 00:00:00+00:00,-0.44518,1.14589,1.13616,1.11672,-0.46606,-0.4682,0.1465,12.85693,-80.60079,28.60543,-17.0,9.26139,90.14583,7e-05,9.17917,0.0,0.15694,2.89375,100.0,33.41394
227,2022-11-14 00:00:00+00:00,-0.43805,1.14589,1.13637,1.11672,-0.4584,-0.46236,0.14697,12.91299,-80.60079,28.60543,-17.0,9.25207,90.1875,7e-05,9.23403,0.0,0.17361,2.88681,100.0,36.94392
228,2022-11-15 00:00:00+00:00,-0.43521,1.14589,1.13616,1.11672,-0.45599,-0.45853,0.14539,12.96919,-80.60079,28.60543,-17.0,9.2662,90.14583,7e-05,9.16875,0.0,0.16181,2.88958,100.0,35.64991
229,2022-11-16 00:00:00+00:00,-0.43531,1.14589,1.13616,1.11672,-0.45563,-0.45873,0.1469,12.91337,-80.60079,28.60543,-17.0,9.28251,90.22917,9e-05,9.13264,0.0,0.17708,2.88125,100.0,36.89145
230,2022-11-17 00:00:00+00:00,-0.43558,1.14589,1.13754,1.11672,-0.4556,-0.45886,0.14501,13.02019,-80.60079,28.60543,-17.0,9.29455,90.10417,6e-05,8.76389,0.0,0.16319,2.88681,100.0,32.93144
231,2022-11-18 00:00:00+00:00,-0.42332,1.14589,1.14164,1.11672,-0.44411,-0.44702,0.14509,12.9853,-80.60079,28.60543,-17.0,9.25595,90.13889,6e-05,8.45069,0.0,0.16597,2.8875,100.0,29.97447
232,2022-11-19 00:00:00+00:00,-0.41065,1.14589,1.14044,1.11672,-0.43077,-0.43393,0.14551,12.95882,-80.60079,28.60543,-17.0,9.26238,90.11111,6e-05,8.26597,0.0,0.16319,2.89167,100.0,30.58513
233,2022-11-20 00:00:00+00:00,-0.40494,1.14589,1.13635,1.11672,-0.42438,-0.42849,0.14792,12.67937,-80.60079,28.60543,-17.0,9.30531,90.08333,9e-05,8.56736,0.0,0.12847,2.90694,100.0,30.16727
234,2022-11-21 00:00:00+00:00,-0.4006,1.14589,1.13632,1.11672,-0.42008,-0.42477,0.14904,12.59821,-80.60079,28.60543,-17.0,9.30167,90.11111,8e-05,9.34097,0.0,0.14514,2.89722,100.0,31.76914
235,2022-11-22 00:00:00+00:00,-0.40008,1.14589,1.13616,1.11672,-0.41952,-0.42381,0.15093,12.41995,-80.60079,28.60543,-17.0,9.31643,90.11806,6e-05,9.27778,0.0,0.13125,2.91042,100.0,32.11518
236,2022-11-23 00:00:00+00:00,-0.40589,1.14589,1.13616,1.11672,-0.42541,-0.42913,0.15076,12.45332,-80.60079,28.60543,-17.0,9.31336,90.08333,9e-05,9.30764,0.0,0.14306,2.89861,100.0,32.65188
237,2022-11-24 00:00:00+00:00,-0.41032,1.14589,1.13616,1.11672,-0.43014,-0.43447,0.15099,12.47473,-80.60079,28.60543,-17.0,9.30377,90.20139,8e-05,9.33403,0.0,0.17083,2.88681,100.0,34.27671
238,2022-11-25 00:00:00+00:00,-0.41876,1.14589,1.13616,1.11672,-0.43827,-0.44187,0.15049,12.57028,-80.60079,28.60543,-17.0,9.29076,90.22917,0.0001,9.37708,0.0,0.17847,2.87708,100.0,36.40935
239,2022-11-26 00:00:00+00:00,-0.42439,1.14588,1.13651,1.11672,-0.44397,-0.4484,0.14884,12.72893,-80.60079,28.60543,-17.0,9.29001,90.25,0.00011,9.42431,0.0,0.19444,2.86944,100.0,37.31965
240,2022-11-27 00:00:00+00:00,-0.42849,1.14589,1.13616,1.11672,-0.44801,-0.45119,0.14773,12.79937,-80.60079,28.60543,-17.0,9.29752,90.25,8e-05,8.97778,0.0,0.17639,2.88333,100.0,37.35015
241,2022-11-28 00:00:00+00:00,-0.43023,1.14589,1.13616,1.11672,-0.45013,-0.45541,0.14808,12.79298,-80.60079,28.60543,-17.0,9.30782,90.20139,8e-05,8.96875,0.0,0.18264,2.87986,100.0,35.02055
242,2022-11-29 00:00:00+00:00,-0.42415,1.14588,1.141,1.11672,-0.4449,-0.44809,0.1463,12.94115,-80.60079,28.60543,-17.0,9.25026,90.19444,8e-05,9.01736,0.0,0.18264,2.875,100.0,33.27605
243,2022-11-30 00:00:00+00:00,-0.41942,1.14589,1.13616,1.11672,-0.43892,-0.4415,0.14618,12.95011,-80.60079,28.60543,-17.0,9.29215,90.22222,8e-05,8.94236,0.0,0.18403,2.87917,100.0,35.68124
